text,neutral,positive,negative,narrator,y
"Τη μάνητα, θεά, τραγούδα μας του ξακουστού Αχιλλέα,",0.375,0.5,0.125,0.0,"[0.375, 0.5, 0.125, 0.0]"
"ανάθεμα τη, πίκρες που 'δωκε στους Αχαιούς περίσσιες",0.125,0.25,0.625,0.0,"[0.125, 0.25, 0.625, 0.0]"
και πλήθος αντρειωμένες έστειλε ψυχές στον Άδη κάτω,0.0,0.125,0.875,0.0,"[0.0, 0.125, 0.875, 0.0]"
"παλικαριών, στους σκύλους ρίχνοντας να φάνε τα κορμιά τους",0.0,0.125,0.875,0.0,"[0.0, 0.125, 0.875, 0.0]"
και στα όρνια ολούθε —έτσι το θέλησε να γίνει τότε ο Δίας—,0.5,0.125,0.375,0.0,"[0.5, 0.125, 0.375, 0.0]"
"απ᾿ τη στιγμή που πρωτοπιάστηκαν και χώρισαν οι δυο τους,",0.375,0.125,0.5,0.0,"[0.375, 0.125, 0.5, 0.0]"
του Ατρέα ο γιος ο στρατοκράτορας κι ο μέγας Αχιλλέας.,0.25,0.5,0.25,0.0,"[0.25, 0.5, 0.25, 0.0]"
Ποιος τάχα απ᾿ τους θεούς τους έσπρωξε να μπούνε σ᾿ έτοια αμάχη;,0.0,0.0,0.0,1.0,"[0.0, 0.0, 0.0, 1.0]"
"Του Δία και της Λητώς τους έσπρωξεν ο γιος, που με το ρήγα",0.75,0.125,0.0,0.125,"[0.75, 0.125, 0.0, 0.125]"
χολιάζοντας κακιά εξεσήκωσεν αρρώστια και πέθαιναν,0.0,0.125,0.875,0.0,"[0.0, 0.125, 0.875, 0.0]"
"στρατός πολύς᾿ τι δε σεβάστηκεν ο γιος του Ατρέα το Χρύση,",0.5,0.0,0.5,0.0,"[0.5, 0.0, 0.5, 0.0]"
του θεού το λειτουργό· στ᾿ Αργίτικα γοργά καράβια είχε έρθει,0.75,0.125,0.0,0.125,"[0.75, 0.125, 0.0, 0.125]"
"με λύτρα αρίφνητα, την κόρη του να ξαγοράσει πίσω,",0.125,0.5,0.375,0.0,"[0.125, 0.5, 0.375, 0.0]"
του μακροσαγιτάρη Απόλλωνα κρατώντας τα στεφάνια,0.5,0.375,0.0,0.125,"[0.5, 0.375, 0.0, 0.125]"
"πα στο χρυσό ραβδί, και πρόσπεφτε μπρος στους Αργίτες όλους,",0.25,0.5,0.25,0.0,"[0.25, 0.5, 0.25, 0.0]"
ξεχωριστά στους δυο πολέμαρχους υγιούς του Ατρέα γυρνώντας:,0.625,0.25,0.125,0.0,"[0.625, 0.25, 0.125, 0.0]"
"« Του Ατρέα βλαστάρια κι αποδέλοιποι καλαντρειωμένοι Αργίτες,",0.25,0.5,0.25,0.0,"[0.25, 0.5, 0.25, 0.0]"
σε σας οι θεοί που ζουν στον Όλυμπο να δώσουν να πατήστε,0.375,0.5,0.0,0.125,"[0.375, 0.5, 0.0, 0.125]"
"του Πρίαμου το καστρί, με το καλό να γύρτε στην πατρίδα'",0.125,0.875,0.0,0.0,"[0.125, 0.875, 0.0, 0.0]"
"λυτρώστε όμως κι εμέ την κόρη μου, την ξαγορά δεχτείτε",0.125,0.75,0.125,0.0,"[0.125, 0.75, 0.125, 0.0]"
Οι Αργίτες οι άλλοι ευτύς με μια φωνή να σεβαστούν έκραξαν,0.0,0.0,0.0,1.0,"[0.0, 0.0, 0.0, 1.0]"
κι ευλαβηθείτε τον Απόλλωνα το μακροσαγιτάρη.»,0.375,0.5,0.125,0.0,"[0.375, 0.5, 0.125, 0.0]"
"το λειτουργό, και τα περίλαμπρα ν᾿ αποδεχτούνε δώρα·",0.5,0.25,0.25,0.0,"[0.5, 0.25, 0.25, 0.0]"
"όμως του Ατρείδη του Αγαμέμνονα δεν άρεσε η βουλή τους,",0.25,0.125,0.625,0.0,"[0.25, 0.125, 0.625, 0.0]"
"μον᾿ τον κακόδιωχνε, και του 'ριχνε βαριά φοβέρα ακόμα:",0.125,0.0,0.875,0.0,"[0.125, 0.0, 0.875, 0.0]"
"«Το νου σου, εγώ μη σ᾿ έβρω, γέροντα, στα βαθουλά καράβια,",0.0,0.0,1.0,0.0,"[0.0, 0.0, 1.0, 0.0]"
"για τώρα εδώ να κοντοστέκεσαι για να διαγέρνεις πάλε,",0.375,0.0,0.625,0.0,"[0.375, 0.0, 0.625, 0.0]"
μη ουδέ ραβδί κι ουδέ και στέφανα του Φοίβου σε γλιτώσουν.,0.0,0.0,1.0,0.0,"[0.0, 0.0, 1.0, 0.0]"
"Δε λευτερώνω εγώ την κόρη σου, πριν μου γεράσει πρώτα",0.0,0.0,1.0,0.0,"[0.0, 0.0, 1.0, 0.0]"
"στο Άργος, μακριά από την πατρίδα της, στο αρχοντικό μου μέσα,",0.25,0.0,0.75,0.0,"[0.25, 0.0, 0.75, 0.0]"
"στον αργαλειό τη μέρα, ταίρι μου τη νύχτα στο κρεβάτι.",0.25,0.0,0.75,0.0,"[0.25, 0.0, 0.75, 0.0]"
"Μον᾿ τράβα, μη μου ανάβεις τα αίματα, γερός αv θες να φύγεις.»",0.0,0.0,1.0,0.0,"[0.0, 0.0, 1.0, 0.0]"
"Είπε, κι ο γέροντας φοβήθηκε κι υπάκουσε στο λόγο᾿",0.0,0.0,0.0,1.0,"[0.0, 0.0, 0.0, 1.0]"
"πήρε βουβός του πολυτάραχου γιαλού τον άμμον άμμο,",0.25,0.25,0.5,0.0,"[0.25, 0.25, 0.5, 0.0]"
"κι ως μάκρυνε, το ρήγα Απόλλωνα, της ομορφομαλλούσας",0.375,0.375,0.125,0.125,"[0.375, 0.375, 0.125, 0.125]"
"Λητώς το γιο, με θέρμη ο γέροντας ν᾿ ανακαλιέται επήρε:",0.5,0.25,0.125,0.125,"[0.5, 0.25, 0.125, 0.125]"
"« Επάκουσέ μου, ασημοδόξαρε, που κυβερνάς τη Χρύσα",0.375,0.5,0.0,0.125,"[0.375, 0.5, 0.0, 0.125]"
"και την τρισάγια Κίλλα, κι άσφαλτα την Τένεδο αφεντεύεις,",0.375,0.5,0.0,0.125,"[0.375, 0.5, 0.0, 0.125]"
"Ποντικοδαίμονα, αν σου στέγασα ναό χαριτωμένο",0.25,0.5,0.125,0.125,"[0.25, 0.5, 0.125, 0.125]"
"κάποτε ως τώρα εγώ, για αν σου 'καψα παχιά μεριά ποτέ μου,",0.375,0.375,0.25,0.0,"[0.375, 0.375, 0.25, 0.0]"
"γιδίσια για ταυρίσια, επάκουσε, και δώσε να πλερώσουν",0.375,0.375,0.25,0.0,"[0.375, 0.375, 0.25, 0.0]"
οι Δαναοί με τις σαγίτες σου τα δάκρυα που 'χω χύσει!»,0.0,0.5,0.5,0.0,"[0.0, 0.5, 0.5, 0.0]"
"Είπε, και την ευκή του επάκουσεν ο Απόλλωνας ο Φοίβος,",0.0,0.0,0.0,1.0,"[0.0, 0.0, 0.0, 1.0]"
"κι απ᾿ την κορφή του Ολύμπου εχύθηκε θυμό γεμάτος, κι είχε",0.0,0.5,0.5,0.0,"[0.0, 0.5, 0.5, 0.0]"
δοξάρι και κλειστό στις πλάτες του περάσει σαϊτολόγο',0.125,0.5,0.25,0.125,"[0.125, 0.5, 0.25, 0.125]"
"κι αντιβροντούσαν οι σαγίτες του στις πλάτες, μανιασμένος",0.0,0.5,0.5,0.0,"[0.0, 0.5, 0.5, 0.0]"
καθώς τραβούσε· και κατέβαινε σαν τη νυχτιά τη μαύρη.,0.125,0.5,0.25,0.125,"[0.125, 0.5, 0.25, 0.125]"
"Κάθισε αλάργα απ᾿ τα πλεούμενα κι ευτύς σαγίτα ρίχνει,",0.125,0.375,0.375,0.125,"[0.125, 0.375, 0.375, 0.125]"
και το ασημένιο του αντιδόνησε τρομαχτικά δοξάρι.,0.0,0.375,0.625,0.0,"[0.0, 0.375, 0.625, 0.0]"
"Τις μούλες πρώτα πρώτα δόξευε και τους γοργούς τους σκύλους,",0.0,0.375,0.625,0.0,"[0.0, 0.375, 0.625, 0.0]"
μετά τις μυτερές του ρίχνοντας σαγίτες τους ανθρώπους,0.0,0.25,0.75,0.0,"[0.0, 0.25, 0.75, 0.0]"
σαγίτευε᾿ κι άναβαν άπαυτα για τους νεκρούς οι φλόγες.,0.0,0.25,0.75,0.0,"[0.0, 0.25, 0.75, 0.0]"
"Μέρες εννιά απολιόταν πάνω τους το θείο σαγιτοβόλι,",0.0,0.0,0.0,1.0,"[0.0, 0.0, 0.0, 1.0]"
κι απά στις δέκα πια τη σύναξη συγκάλεσε ο Αχιλλέας',0.375,0.625,0.0,0.0,"[0.375, 0.625, 0.0, 0.0]"
"η Ήρα, η θεά η κρουσταλλοβράχιονη, τον είχε λέω φωτίσει,",0.25,0.75,0.0,0.0,"[0.25, 0.75, 0.0, 0.0]"
"περίσσια που γνοιαζόταν, βλέποντας οι Αργίτες να πεθαίνουν.",0.125,0.375,0.5,0.0,"[0.125, 0.375, 0.5, 0.0]"
"Κι εκείνοι τότε αφού μαζώχτηκαν κι όλοι μαζί βρέθηκαν,",0.375,0.625,0.0,0.0,"[0.375, 0.625, 0.0, 0.0]"
πήρε ο Αχιλλέας ο φτεροπόδαρος κι ορθός μιλούσε ομπρός τους:,0.25,0.625,0.0,0.125,"[0.25, 0.625, 0.0, 0.125]"
"«Ατρείδη, τώρα θα γυρίσουμε λέω στην πατρίδα πίσω",0.125,0.875,0.0,0.0,"[0.125, 0.875, 0.0, 0.0]"
"με άδεια τα χέρια, αν ξεγλιτώσουμε μονάχα από το Χάρο,",0.125,0.5,0.375,0.0,"[0.125, 0.5, 0.375, 0.0]"
καθώς η λοιμική κι ο πόλεμος μαζί μας ξεκληρίζουν.,0.125,0.375,0.5,0.0,"[0.125, 0.375, 0.5, 0.0]"
"Μον᾿ έλα, κάποιον να ρωτήσουμε για λειτουργό για μάντη,",0.25,0.625,0.125,0.0,"[0.25, 0.625, 0.125, 0.0]"
"για ονειροκρίτη ακόμα—τ᾿ όνειρο, κι εκείνο ο Δίας το στέλνει—",0.5,0.375,0.125,0.0,"[0.5, 0.375, 0.125, 0.0]"
"να πει, γιατί μαθές ο Απόλλωνας σε τόση οργή μας έχει;",0.25,0.25,0.375,0.125,"[0.25, 0.25, 0.375, 0.125]"
"Μήνα κανένα τάμα του 'λειψε, μήνα τρανή θυσία;",0.375,0.125,0.375,0.125,"[0.375, 0.125, 0.375, 0.125]"
Μπας και την κνίσα από αψεγάδιαστα γίδια κι αρνιά θελήσει,0.5,0.375,0.125,0.0,"[0.5, 0.375, 0.125, 0.0]"
να προσδεχτεί κι απ᾿ τα κεφάλια μας το χαλασμό να διώξει.»,0.625,0.375,0.0,0.0,"[0.625, 0.375, 0.0, 0.0]"
"Είπε και κάθισε· του Θέστορα σηκώθη ο γιος, ο Κάλχας,",0.0,0.0,0.0,1.0,"[0.0, 0.0, 0.0, 1.0]"
"τότε μπροστά τους, που απ᾿ τους μάντηδες ο πιο τρανός λογιόταν,",0.25,0.625,0.0,0.125,"[0.25, 0.625, 0.0, 0.125]"
"και όλα τα κάτεχε, μελλούμενα και τωρινά και πρώτα᾿",0.375,0.5,0.0,0.125,"[0.375, 0.5, 0.0, 0.125]"
"της Τροίας το δρόμο με την τέχνη του τη μαντική, το δώρο",0.375,0.5,0.0,0.125,"[0.375, 0.5, 0.0, 0.125]"
"του Φοίβου Απόλλωνα, στ᾿ Αργίτικα καράβια είχε ορμηνέψει.",0.25,0.625,0.125,0.0,"[0.25, 0.625, 0.125, 0.0]"
και τότε μίλησε καλόγνωμος άναμεσό τους κι εϊπε:,0.5,0.5,0.0,0.0,"[0.5, 0.5, 0.0, 0.0]"
"« Αρχοντικέ Αχιλλέα, προστάζεις με να σας ξηγήσω τώρα .",0.5,0.375,0.125,0.0,"[0.5, 0.375, 0.125, 0.0]"
του ρήγα Απόλλωνα τη μάνητα του μακροσαγιτάρη.,0.5,0.25,0.125,0.125,"[0.5, 0.25, 0.125, 0.125]"
"Ναι, θα μιλήσω, μα στοχάσου το και συ πιο πριν κι ορκίσου",0.375,0.5,0.125,0.0,"[0.375, 0.5, 0.125, 0.0]"
με λόγια και με χέρια πρόθυμα πώς θα με διαφεντέψεις.,0.375,0.625,0.0,0.0,"[0.375, 0.625, 0.0, 0.0]"
"Φοβάμαι, θα θυμώσω κάποιον μας, πού τους Αργίτες όλους",0.125,0.25,0.625,0.0,"[0.125, 0.25, 0.625, 0.0]"
περίσσια ξεπερνά στη δύναμη και του αγρικοϋν το λόγο',0.25,0.25,0.5,0.0,"[0.25, 0.25, 0.5, 0.0]"
τι αλί στον αχαμνό που τα 'βαλε τρανός μαζί του ρήγας!,0.25,0.375,0.375,0.0,"[0.25, 0.375, 0.375, 0.0]"
"Κι αν καταπιεί μαθές τη μάνητα προσώρας και σωπάσει,",0.5,0.125,0.375,0.0,"[0.5, 0.125, 0.375, 0.0]"
"όμως καιρό κρατάει το χόλιασμα, ξεγδικιωμό ως να πάρει,",0.375,0.25,0.375,0.0,"[0.375, 0.25, 0.375, 0.0]"
βαθιά στα φρένα᾿ τώρα λόγιασε καΐ συ αν θα με γλιτώσεις.»,0.5,0.375,0.125,0.0,"[0.5, 0.375, 0.125, 0.0]"
Τότε ο Αχιλλέας ο φτεροπόδαρος του απηλογήθη κι είπε:,0.0,0.0,0.0,1.0,"[0.0, 0.0, 0.0, 1.0]"
"« Κουράγιο, κι άφοβα φανέρωσε τη θεία βουλή πού ξέρεις·",0.0,1.0,0.0,0.0,"[0.0, 1.0, 0.0, 0.0]"
"τι άκου, ποτέ, μα τον Απόλλωνα, που εσύ για τους Αργίτες",0.5,0.375,0.0,0.125,"[0.5, 0.375, 0.0, 0.125]"
"ανακαλιέσαι, ξεδιαλύνοντας τις θείες βουλές του, Κάλχα,",0.5,0.5,0.0,0.0,"[0.5, 0.5, 0.0, 0.0]"
"ποτέ όσο ζω κι όσο τα μάτια μου τη γη θωρούν ετούτη,",0.25,0.625,0.125,0.0,"[0.25, 0.625, 0.125, 0.0]"
κανένας Δαναός απάνω σου δε θα σηκώσει χέρι,0.0,1.0,0.0,0.0,"[0.0, 1.0, 0.0, 0.0]"
"βαρύ στα βαθουλά καράβια μας, κι ακόμα αν νοματίσεις",0.375,0.5,0.125,0.0,"[0.375, 0.5, 0.125, 0.0]"
"τον Αγαμέμνονα, που πέτεται πώς είναι απ᾿ όλους πρώτος.»",0.25,0.625,0.125,0.0,"[0.25, 0.625, 0.125, 0.0]"
Κι ο άψεγος μάντης ξεθαρρεύοντας απηλογήθη τότε:,0.0,0.0,0.0,1.0,"[0.0, 0.0, 0.0, 1.0]"
"« Μήτε κανένα τάμα του 'λειψε μηδέ τρανή θυσία,",0.5,0.5,0.0,0.0,"[0.5, 0.5, 0.0, 0.0]"
"χολιάζει μόνο που ο Αγαμέμνονας το Χρύση δε σεβάστη,",0.375,0.125,0.5,0.0,"[0.375, 0.125, 0.5, 0.0]"
κι ουδέ λευτέρωσε την κόρη του κι ουδέ τα λύτρα εδέχτη.,0.25,0.125,0.625,0.0,"[0.25, 0.125, 0.625, 0.0]"
Γι᾿ αυτό με συφορές μας έδειρε και θα μας δείρει ακόμα,0.25,0.25,0.5,0.0,"[0.25, 0.25, 0.5, 0.0]"
"ο Μακρορίχτης, κι ουδ᾿ απ᾿ τ᾿ άπρεπο κακό θα μας γλιτώσει,",0.375,0.125,0.5,0.0,"[0.375, 0.125, 0.5, 0.0]"
προτού την αστρομάτα δώσουμε την κορασιά στον κύρη,0.5,0.25,0.25,0.0,"[0.5, 0.25, 0.25, 0.0]"
"πίσω, ξαπλέρωτη, ξαγόραστη, κι ιερή στη Χρύσα πάμε",0.5,0.375,0.125,0.0,"[0.5, 0.375, 0.125, 0.0]"
"θυσία τρανή· να τον γλυκάνουμε, μπορεί ν᾿ αλλάξει γνώμη.»",0.625,0.375,0.0,0.0,"[0.625, 0.375, 0.0, 0.0]"
"Ως είπε εκείνος τούτα, κάθισε, και τότε ασκώθη ομπρός τους",0.0,0.0,0.0,1.0,"[0.0, 0.0, 0.0, 1.0]"
"ο πρωταφέντης Αγαμέμνονας, ο γαύρος γιος του Ατρέα,",0.375,0.125,0.375,0.125,"[0.375, 0.125, 0.375, 0.125]"
"χολή γεμάτος, και ξεχείλιζαν τα σκοτεινά του σπλάχνα",0.0,0.0,1.0,0.0,"[0.0, 0.0, 1.0, 0.0]"
"από το πάθος, και τα μάτια του σαν τη φωτιά ξαστράφταν.",0.0,0.0,1.0,0.0,"[0.0, 0.0, 1.0, 0.0]"
Στον Κάλχα πρώτα αγριοκοιτώντας τον γυρνά κι απολογιέται:,0.0,0.0,1.0,0.0,"[0.0, 0.0, 1.0, 0.0]"
"« Μάντη κακέ, που λόγο πρόσχαρο δε μου 'χεις πει ποτέ σου!",0.0,0.0,1.0,0.0,"[0.0, 0.0, 1.0, 0.0]"
Πάντα η καρδιά σου εσένα χαίρεται κακό να προφητεύει',0.0,0.0,1.0,0.0,"[0.0, 0.0, 1.0, 0.0]"
εσύ καλό μηδέ ξεστόμισες μηδ᾿ έκαμες ποτέ σου.,0.0,0.0,1.0,0.0,"[0.0, 0.0, 1.0, 0.0]"
Έτσι και τώρα ξεδιαλύνοντας τις θείες βουλές φωνάζεις,0.125,0.125,0.75,0.0,"[0.125, 0.125, 0.75, 0.0]"
"μπρος στους Αργίτες πως τα πάθη τους τα στέλνει ο Μακρορίχτης,",0.375,0.0,0.625,0.0,"[0.375, 0.0, 0.625, 0.0]"
γιατί το πλούσιο εγώ ξαντίμεμα της κόρης απ᾿ τη Χρύσα,0.5,0.125,0.375,0.0,"[0.5, 0.125, 0.375, 0.0]"
"δεν εστρεξα, μονάχα θέλησα να την κρατώ κοντά μου·",0.25,0.375,0.375,0.0,"[0.25, 0.375, 0.375, 0.0]"
"τι κι απ᾿ την ίδια τη γυναίκα μου, την Κλυταιμήστρα, κάλλιο",0.25,0.125,0.625,0.0,"[0.25, 0.125, 0.625, 0.0]"
μου αρέσει αλήθεια᾿ τι χειρότερη δεν είναι τούτη μήτε,0.0,0.375,0.625,0.0,"[0.0, 0.375, 0.625, 0.0]"
στην ελικιά μηδέ στο ανάριμμα μηδέ στο νου ή στα χέρια.,0.25,0.125,0.625,0.0,"[0.25, 0.125, 0.625, 0.0]"
"Κι όμως, αν πρέπει, παίρνω απόφαση και τήνε δίνω πίσω'",0.125,0.25,0.625,0.0,"[0.125, 0.25, 0.625, 0.0]"
"να μην αφανιστεί το ασκέρι μας, να μείνει ακέριο θέλω.",0.0,0.625,0.375,0.0,"[0.0, 0.625, 0.375, 0.0]"
Μα γι᾿ άλλο αρχοντομοίρι γρήγορα γνοιαστείτε᾿ δεν ταιριάζει,0.375,0.125,0.5,0.0,"[0.375, 0.125, 0.5, 0.0]"
δίχως μοιράδι τώρα απ᾿ όλους μας να μένω εγώ μονάχα',0.25,0.0,0.75,0.0,"[0.25, 0.0, 0.75, 0.0]"
"τι φεύγει αλλού το αρχοντομοίρι μου, το βλέπετε κι ατοί σας.»",0.375,0.0,0.625,0.0,"[0.375, 0.0, 0.625, 0.0]"
Τότε ο Αχιλλέας ο γοργοπόδαρος του απηλογήθη κι είπε:,0.0,0.0,0.0,1.0,"[0.0, 0.0, 0.0, 1.0]"
"«Υγιέ του Ατρέα τρανέ κι απ᾿ όλους μας ο πιο συφερτολόγος,",0.25,0.75,0.0,0.0,"[0.25, 0.75, 0.0, 0.0]"
και πώς οι Αργίτες οι τρανόψυχοι να βρουν αρχοντομοίρι,0.375,0.375,0.25,0.0,"[0.375, 0.375, 0.25, 0.0]"
"να σου το δώσουν; Βιος αμοίραστο δεν έχουμε, όσο ξέρω'",0.25,0.5,0.25,0.0,"[0.25, 0.5, 0.25, 0.0]"
"τι όσα απ᾿ τα κάστρα διαγουμίσαμε, τα μοιραστήκαμε όλα,",0.125,0.625,0.25,0.0,"[0.125, 0.625, 0.25, 0.0]"
κι ούτε θα ταίριαζε το ασκέρι μας να τα μαζέψει πάλε.,0.125,0.625,0.25,0.0,"[0.125, 0.625, 0.25, 0.0]"
"Μα τώρα τούτη εσύ λευτέρωσε για του θεού τη χάρη,",0.125,0.875,0.0,0.0,"[0.125, 0.875, 0.0, 0.0]"
"κι εμείς διπλά να σε ξοφλήσουμε και τρίδιπλα, αν μια μέρα",0.25,0.75,0.0,0.0,"[0.25, 0.75, 0.0, 0.0]"
μας δώσει ο Δίας η καλοτείχιστη να γίνει Τροία δική μας.»,0.125,0.875,0.0,0.0,"[0.125, 0.875, 0.0, 0.0]"
Μα ο πρωταφέντης Αγαμέμνονας γυρνώντας του άποκρίθη:,0.375,0.25,0.125,0.25,"[0.375, 0.25, 0.125, 0.25]"
"«Παλικαριά, Αχιλλέα θεόμορφε, τρανή κι αν έχεις, όχι,",0.25,0.5,0.25,0.0,"[0.25, 0.5, 0.25, 0.0]"
δε με γελάς κι ουδέ πλανεύουμαι κι ουδέ μου αλλάζεις γνώμη.,0.125,0.0,0.875,0.0,"[0.125, 0.0, 0.875, 0.0]"
Να 'χεις εσύ το αρχοντομοίρι σου κι εγώ να μένω θέλεις,0.125,0.125,0.75,0.0,"[0.125, 0.125, 0.75, 0.0]"
"με ολάδεια χέρια, κι ορμηνεύεις με να δώσω ετούτη πίσω;",0.125,0.0,0.875,0.0,"[0.125, 0.0, 0.875, 0.0]"
"Τώρα αν οι Αργίτες οι τρανόψυχοι καινούργιο αρχοντομοίρι,",0.25,0.125,0.5,0.125,"[0.25, 0.125, 0.5, 0.125]"
"της αρεσκιάς μου, μου ξεδιάλεγαν, να σοζυγιάζει το άλλο...",0.25,0.25,0.5,0.0,"[0.25, 0.25, 0.5, 0.0]"
"Μ᾿ αν δε μου δώσουνε μονάχοι τους μοιράδι, θα 'ρθω ατός μου",0.125,0.0,0.875,0.0,"[0.125, 0.0, 0.875, 0.0]"
για το δικό σου για και του Αίαντα για του Οδυσσέα να πάρω',0.125,0.125,0.75,0.0,"[0.125, 0.125, 0.75, 0.0]"
"κι όποιος με ιδεί μπροστά του, σίγουρα βαρύ πολύ θα του 'ρθει!",0.125,0.0,0.875,0.0,"[0.125, 0.0, 0.875, 0.0]"
"Όμως για τούτα δε βιαζόμαστε, τα ξαναλέμε᾿ τώρα",0.5,0.125,0.375,0.0,"[0.5, 0.125, 0.375, 0.0]"
"μαύρο στην άγια, ελάτε, θάλασσα να ρίξουμε καράβι,",0.25,0.375,0.375,0.0,"[0.25, 0.375, 0.375, 0.0]"
"και κουπολάτες να μαζώξουμε ξεδιαλεχτούς, κι ακόμα",0.375,0.25,0.375,0.0,"[0.375, 0.25, 0.375, 0.0]"
μέσα τρανή θυσία να βάλουμε᾿ κι ας ανεβεί κι ατή της,0.25,0.375,0.375,0.0,"[0.25, 0.375, 0.375, 0.0]"
"η Χρυσοπούλα η ροδομάγουλη, κι απ᾿ τους ρηγάδες ένας",0.25,0.25,0.5,0.0,"[0.25, 0.25, 0.5, 0.0]"
"για ο Ιδομενέας για κι ο Αίας κύβερνος για κι ο Οδυσσέας ας γένει,",0.375,0.0,0.625,0.0,"[0.375, 0.0, 0.625, 0.0]"
"για, αν θες, κι εσύ, Αχιλλέα, ν᾿ ανέβαινες, που τρέμει ο κόσμος όλος'",0.125,0.25,0.625,0.0,"[0.125, 0.25, 0.625, 0.0]"
μπορεί με τις θυσίες να μέρωνες το Μακροσαγιτάρη.»,0.25,0.25,0.5,0.0,"[0.25, 0.25, 0.5, 0.0]"
Κι είπε ο Αχιλλέας ο γοργοπόδαρος ταυροκοιτάζοντάς τον:,0.375,0.25,0.375,0.0,"[0.375, 0.25, 0.375, 0.0]"
"«Ωχού μου, από κορφής ξαδιάντροπε και συφεροντονούση!",0.0,0.25,0.75,0.0,"[0.0, 0.25, 0.75, 0.0]"
Αργίτης πως κανείς στο λόγο σου με προθυμία ν᾿ ακούσει,0.25,0.25,0.5,0.0,"[0.25, 0.25, 0.5, 0.0]"
"και να κινήσει, για στον πόλεμο να βγει παλικαρίσια;",0.25,0.375,0.25,0.125,"[0.25, 0.375, 0.25, 0.125]"
"Δεν τα 'χω εγώ με τους αντρόψυχους τους Τρώες αλήθεια, που 'ρθα",0.125,0.625,0.25,0.0,"[0.125, 0.625, 0.25, 0.0]"
να πολεμήσω εδώ᾿ σε τίποτα δε μου 'φταιξαν εμένα',0.125,0.75,0.125,0.0,"[0.125, 0.75, 0.125, 0.0]"
"δε μου άρπαξαν ποτέ τα βόδια μου κι ουδέ τ᾿ αλόγατά μου,",0.125,0.75,0.125,0.0,"[0.125, 0.75, 0.125, 0.0]"
"κι ουδέ στη Φθία την παχιοχώματη, την ανθρωποθροφούσα,",0.125,0.5,0.25,0.125,"[0.125, 0.5, 0.25, 0.125]"
"ποτέ τους τα σπαρτά μου ερήμαξαν, τι πλήθια ανάμεσα μας",0.125,0.625,0.25,0.0,"[0.125, 0.625, 0.25, 0.0]"
βουνά βρίσκονται μακρογίσκιωτα και θάλασσα όλο λάλο.,0.25,0.375,0.375,0.0,"[0.25, 0.375, 0.375, 0.0]"
"Μον 'σένα, αδιάντροπε, άκλουθήξαμε, να χαίρεται η καρδιά σου,",0.125,0.375,0.5,0.0,"[0.125, 0.375, 0.5, 0.0]"
"που του Μενέλαου διαφεντεύουμε και τη δικιά σου, σκύλε,",0.125,0.25,0.625,0.0,"[0.125, 0.25, 0.625, 0.0]"
"τιμή. Μα εσύ γι'αυτά δε γνοιάζεσαι, δεν τα ψηφάς, κι ατός σου",0.125,0.25,0.625,0.0,"[0.125, 0.25, 0.625, 0.0]"
"πίσω να πάρεις το μοιράδι μου με φοβερίζεις τώρα,",0.125,0.25,0.625,0.0,"[0.125, 0.25, 0.625, 0.0]"
που οι Αργίτες μου 'δωκαν και μόχτησα βαριά να το κερδέψω.,0.125,0.5,0.375,0.0,"[0.125, 0.5, 0.375, 0.0]"
"Ποτέ δεν είν᾿ τοό αρχοντομοίρι μου σαν το δικό σου, σύντας",0.125,0.25,0.625,0.0,"[0.125, 0.25, 0.625, 0.0]"
κάποιο πολύψυχο πατήσουμε των Τρωών οι Αργίτες κάστρο',0.25,0.5,0.25,0.0,"[0.25, 0.5, 0.25, 0.0]"
μα η πιο βαριά του πολυτάραχου πολέμου μπόρα πέφτει,0.125,0.375,0.5,0.0,"[0.125, 0.375, 0.5, 0.0]"
"στα χέρια ετούτα, κι όταν υστέρα στη μοιρασιά βρεθούμε,",0.25,0.375,0.375,0.0,"[0.25, 0.375, 0.375, 0.0]"
"πάντα δικό σου το τρανότερο, κι εγώ στα πλοία διαγέρνω",0.25,0.25,0.5,0.0,"[0.25, 0.25, 0.5, 0.0]"
"μικρό κρατώντας, μα καλόδεχτο, σα ρέψω πια απ᾿ τη μάχη.",0.125,0.375,0.5,0.0,"[0.125, 0.375, 0.5, 0.0]"
Τώρα στη Φθία θα πάω᾿ καλύτερα χίλιες φορές αλήθεια,0.0,0.75,0.25,0.0,"[0.0, 0.75, 0.25, 0.0]"
"να γύρω σπίτι μου με τ᾿ άρμενα, κι ουδέ στο νου μου το 'χω",0.0,0.875,0.125,0.0,"[0.0, 0.875, 0.125, 0.0]"
"αψήφιστος να μένω εδώ, αγαθά και βιος να σου σωριάζω.»",0.125,0.625,0.25,0.0,"[0.125, 0.625, 0.25, 0.0]"
Κι ο πρωταφέντης Αγαμέμνονας του απηλογήθη τότε:,0.0,0.0,0.0,1.0,"[0.0, 0.0, 0.0, 1.0]"
"«Και δε μισεύεις πίσω, αν σ᾿ έπιασε του μισεμού λαχτάρα!",0.0,0.125,0.875,0.0,"[0.0, 0.125, 0.875, 0.0]"
"Δε σου προσπέφτω εγώ, για χάρη μου να μείνεις᾿ έχω κι άλλους",0.0,0.125,0.75,0.125,"[0.0, 0.125, 0.75, 0.125]"
"να με τιμήσουν, το βαθύγνωμο το Δία πιο πάνω απ᾿ όλους.",0.0,0.25,0.75,0.0,"[0.0, 0.25, 0.75, 0.0]"
"Εσένα πιο βαριά σε οχτρεύομαι μες στους τρανούς ρηγάδες,",0.0,0.0,1.0,0.0,"[0.0, 0.0, 1.0, 0.0]"
"τι πάντα πόλεμοι σου αρέσουνε, συνερισιές κι αμάχες'",0.125,0.125,0.75,0.0,"[0.125, 0.125, 0.75, 0.0]"
"και λέω, κι αν είσαι τόσο αντρόκαρδος, από θεού 'ναι δώρο.",0.125,0.125,0.75,0.0,"[0.125, 0.125, 0.75, 0.0]"
"Τράβα στον τόπο σου με τ᾿ άρμενα και τους συντρόφους σου όλους,",0.25,0.375,0.375,0.0,"[0.25, 0.375, 0.375, 0.0]"
"κι εκεί στους Μυρμιδόνες όριζε᾿ δε σε ψηφώ καθόλου,",0.25,0.125,0.5,0.125,"[0.25, 0.125, 0.5, 0.125]"
"κι ούτε με νοιάζει που μου θύμωσες, μόν᾿ τή φοβέρα μου άκου:",0.25,0.0,0.75,0.0,"[0.25, 0.0, 0.75, 0.0]"
Όπως μου παίρνει πίσω ο Απόλλωνας τη Χρυσοπούλα τώρα,0.125,0.0,0.875,0.0,"[0.125, 0.0, 0.875, 0.0]"
"και θα τη στείλω εγώ με ανθρώπους μου και με άρμενο δικό μου,",0.125,0.0,0.75,0.125,"[0.125, 0.0, 0.75, 0.125]"
"όμοια κι εγώ τη ροδομάγουλη τη Βρισοπούλα ατός μου,",0.25,0.25,0.5,0.0,"[0.25, 0.25, 0.5, 0.0]"
"το μερτικό σου, στην καλύβα σου θα 'ρθω να πάρω, πόσο",0.0,0.125,0.875,0.0,"[0.0, 0.125, 0.875, 0.0]"
"να μάθεις στέκω εγώ πιο πάνω σου, και να φοβάται κι άλλος",0.0,0.125,0.875,0.0,"[0.0, 0.125, 0.875, 0.0]"
"να μου μιλάει σαν ίσιος κι όμοιος μου, σύντας βρεθεί μπροστά μου.»",0.0,0.0,1.0,0.0,"[0.0, 0.0, 1.0, 0.0]"
"Έτσι είπε, κι ο Αχιλλέας συχύστηκε᾿ στα δασωμένα στήθια",0.0,0.0,0.0,1.0,"[0.0, 0.0, 0.0, 1.0]"
"διχόγνωμη η καρδιά του εδούλευε, κι αναρωτιόταν, τάχα",0.0,0.375,0.5,0.125,"[0.0, 0.375, 0.5, 0.125]"
"το κοφτερό σπαθί που εκρέμουνταν πλάι στο μερί να σύρει,",0.0,0.375,0.625,0.0,"[0.0, 0.375, 0.625, 0.0]"
"κι ως διασκορπίσει όλη τη σύναξη, το γιο του Ατρέα να σφάξει,",0.0,0.375,0.625,0.0,"[0.0, 0.375, 0.625, 0.0]"
για να μερώσει το άγριο πάθος του και το θυμό να πνίξει;,0.0,0.375,0.5,0.125,"[0.0, 0.375, 0.5, 0.125]"
Κι ως τούτα ανάδευε στα φρένα του βαθιά και στην καρδιά του,0.125,0.5,0.375,0.0,"[0.125, 0.5, 0.375, 0.0]"
"και το τρανό σπαθί του ανάσερνε, να τη η Αθηνά απ᾿ τα ουράνια'",0.0,0.5,0.5,0.0,"[0.0, 0.5, 0.5, 0.0]"
"η Ήρα μαθές η κρουσταλλόχερη την είχε ξαποστείλει,",0.25,0.5,0.125,0.125,"[0.25, 0.5, 0.125, 0.125]"
που και τους δυο παρόμοια νοιάζουνταν κι ίδια τους είχε αγάπη.,0.125,0.75,0.125,0.0,"[0.125, 0.75, 0.125, 0.0]"
Πίσω του εστάθη και τον άρπαξεν απ᾿ τα ξανθά μαλλιά του',0.0,0.5,0.5,0.0,"[0.0, 0.5, 0.5, 0.0]"
"άλλος κανείς δεν την ξεχώριζε, μόνο ο Αχιλλέας μπορούσε.",0.375,0.5,0.125,0.0,"[0.375, 0.5, 0.125, 0.0]"
"Σάστισε αυτός, τα πίσω στράφηκε, κι ευτύς αναγνωρίζει",0.0,0.625,0.25,0.125,"[0.0, 0.625, 0.25, 0.125]"
την Αθηνά Παλλάδα—κι άστραφταν φριχτά τα δυο της μάτια—,0.125,0.625,0.25,0.0,"[0.125, 0.625, 0.25, 0.0]"
και κράζοντας τη με ανεμάρπαστα της συντυχαίνει λόγια:,0.125,0.25,0.625,0.0,"[0.125, 0.25, 0.625, 0.0]"
"« Τέκνο του Δία του βροντοσκούταρου, γιατί ήρθες τώρα πάλε;",0.125,0.5,0.25,0.125,"[0.125, 0.5, 0.25, 0.125]"
"Για τον υγιό του Ατρέα μην έτρεξες, να δεις την ξιπασιά του;",0.125,0.25,0.5,0.125,"[0.125, 0.25, 0.5, 0.125]"
"Εγώ ένα λόγο ωστόσο θα 'λεγα, που θα γενεί, λογιάζω:",0.375,0.375,0.25,0.0,"[0.375, 0.375, 0.25, 0.0]"
με τ᾿ άπρεπα του αυτά καμώματα θα γοργοθανατίσει.»,0.125,0.25,0.625,0.0,"[0.125, 0.25, 0.625, 0.0]"
"Τότε η Αθηνά, η θεά η γλαυκόματη, του απηλογήθη κι είπε:",0.25,0.5,0.25,0.0,"[0.25, 0.5, 0.25, 0.0]"
"«Ήρθα να πάψω εγώ την όργητα που σε κρατεί, αν μ᾿ ακούσεις,",0.0,0.875,0.125,0.0,"[0.0, 0.875, 0.125, 0.0]"
"σταλμένη απ᾿ την κρουσταλλοβράχιονη την Ήρα από τα ουράνια,",0.0,1.0,0.0,0.0,"[0.0, 1.0, 0.0, 0.0]"
που και τους δυο σας ίδια νοιάζεται κι ίδια σας έχει αγάπη.,0.0,1.0,0.0,0.0,"[0.0, 1.0, 0.0, 0.0]"
"Μον᾿ έλα, σκόλνα τα μαλώματα και το σπαθί μη σέρνεις᾿",0.0,1.0,0.0,0.0,"[0.0, 1.0, 0.0, 0.0]"
"με λόγια ωστόσο, αν θέλεις, βρίσε τον, κι όπου σε βγάλει η γλώσσα!",0.0,0.875,0.125,0.0,"[0.0, 0.875, 0.125, 0.0]"
"Κι εγώ ένα λόγο τώρα θα 'λεγα, που σίγουρα θα γένει:",0.25,0.75,0.0,0.0,"[0.25, 0.75, 0.0, 0.0]"
τρίδιπλα τόσα δώρα ατίμητα μια μέρα θα σου δώσουν,0.0,1.0,0.0,0.0,"[0.0, 1.0, 0.0, 0.0]"
"γι᾿ αυτό το ντρόπιασμα, μόν᾿ άκου μας και το θυμό σου κράτα.»",0.0,1.0,0.0,0.0,"[0.0, 1.0, 0.0, 0.0]"
Τότε ο Αχιλλέας ο φτεροπόδαρος απηλογιά της δίνει:,0.0,0.875,0.125,0.0,"[0.0, 0.875, 0.125, 0.0]"
"«Δεν πρέπει αλήθεια την ορμήνια σας, θεά, να παρακούσω,",0.0,0.0,0.0,1.0,"[0.0, 0.0, 0.0, 1.0]"
κι ας πνίγει η οργή βαθιά τα σπλάχνα μου᾿ το πιο συφέρο αυτό 'ναι.,0.0,0.625,0.375,0.0,"[0.0, 0.625, 0.375, 0.0]"
"Που τους θεούς γρικάει, με προθυμία τον συνακούν κι εκείνοι.»",0.0,0.875,0.125,0.0,"[0.0, 0.875, 0.125, 0.0]"
"Είπε, και το τρανό ξανάσπρωξε σπαθί του στο θηκάρι,",0.0,0.0,0.0,1.0,"[0.0, 0.0, 0.0, 1.0]"
"στη βαριά φούχτα το χερόλαβο κρατώντας το ασημένιο,",0.25,0.5,0.125,0.125,"[0.25, 0.5, 0.125, 0.125]"
στης Αθηνάς τα λόγια ακούγοντας᾿ κι εκείνη στο παλάτι,0.375,0.5,0.0,0.125,"[0.375, 0.5, 0.0, 0.125]"
"πετάει και πάει του Δία, στον Όλυμπο, με τους θεούς τους άλλους.",0.125,0.5,0.375,0.0,"[0.125, 0.5, 0.375, 0.0]"
"Ωστόσο το θυμό δε σκόλαζε τότε ο Αχιλλέας, μόν᾿ πήρε",0.0,0.0,0.0,1.0,"[0.0, 0.0, 0.0, 1.0]"
φαρμακεμένα λόγια κι έλεγε στο γιο του Ατρέα γυρνώντας:,0.125,0.25,0.625,0.0,"[0.125, 0.25, 0.625, 0.0]"
"«Μεθύστακα, με μάτια εσύ σκυλιού και με καρδιά αλαφίνας!",0.0,0.25,0.75,0.0,"[0.0, 0.25, 0.75, 0.0]"
Πότε η καρδιά σου εσένα βάστηξε ν᾿ αρματωθείς και να 'βγεις,0.125,0.25,0.625,0.0,"[0.125, 0.25, 0.625, 0.0]"
με τα φουσάτα μας στον πόλεμο; Πότε να πας να στήσεις,0.125,0.25,0.625,0.0,"[0.125, 0.25, 0.625, 0.0]"
καρτέρι με τους πιο αντρειωμένους μας; το τρέμεις σαν το Χάρο!,0.125,0.25,0.625,0.0,"[0.125, 0.25, 0.625, 0.0]"
"Αλήθεια, πιο καλά στ᾿ απλόχωρα των Αχαιών λημέρια",0.25,0.375,0.375,0.0,"[0.25, 0.375, 0.375, 0.0]"
όποιου μιλήσει αντρίκεια αντίκρυ σου ν᾿ αρπάζεις το μοιράδι!,0.125,0.375,0.5,0.0,"[0.125, 0.375, 0.5, 0.0]"
"Χαρά στο λαοφαγά τον άρχοντα, πού ορίζει τιποτένιους!",0.125,0.25,0.625,0.0,"[0.125, 0.25, 0.625, 0.0]"
"Αλλιώς, Ατρείδη, λέω δε θα 'σωνες άλλη αδικία να κάνεις.",0.125,0.25,0.625,0.0,"[0.125, 0.25, 0.625, 0.0]"
"Μ᾿ άκου τα λόγια μου, πού απάνω τους όρκο τρανό θα ομώσω:",0.125,0.5,0.375,0.0,"[0.125, 0.5, 0.375, 0.0]"
Μα τούτο το ραβδί—σ᾿ τ᾿ ορκίζομαι—που φύλλα πια και κλωνιά,0.25,0.375,0.375,0.0,"[0.25, 0.375, 0.375, 0.0]"
"δε θα πετάξει, αφού παράτησε στο λόγγο τον κορμό του,",0.25,0.25,0.5,0.0,"[0.25, 0.25, 0.5, 0.0]"
"κι ουδέ θ᾿ ανοίξει πια, τι ολόγυρα του 'χει ο χαλκός θερίσει",0.25,0.375,0.375,0.0,"[0.25, 0.375, 0.375, 0.0]"
"φύλλα και φλούδα, και στα χέρια τους οι Αργίτες κρισολόγοι",0.375,0.375,0.25,0.0,"[0.375, 0.375, 0.25, 0.0]"
"τώρα το σφίγγουν διαφεντεύοντας τη δικαιοσύνη πάντα,",0.25,0.625,0.125,0.0,"[0.25, 0.625, 0.125, 0.0]"
ως το 'χει ορίσει ο Δίας—τον άκουσες τον όρκο τον τρανό μου!,0.25,0.5,0.25,0.0,"[0.25, 0.5, 0.25, 0.0]"
Θα 'ρθεί καιρός αλήθεια που όλοι τους θ᾿ αποζητούν οι Αργίτες,0.125,0.625,0.25,0.0,"[0.125, 0.625, 0.25, 0.0]"
"τον Αχιλλέα, και τότε μ᾿ όλο σου δε θα μπορείς τον πόνο",0.25,0.25,0.5,0.0,"[0.25, 0.25, 0.5, 0.0]"
"να τους συντρέξεις, απ᾿ τον Έχτορα καθώς τον αντροφόνο",0.125,0.25,0.625,0.0,"[0.125, 0.25, 0.625, 0.0]"
νεκροί θα πέφτουν και θα σκίζεται τότε η καρδιά σου εσένα,0.125,0.25,0.625,0.0,"[0.125, 0.25, 0.625, 0.0]"
"απ᾿ τον καημό, που παραψήφησες των Αχαιών τον πρώτο.»",0.125,0.25,0.625,0.0,"[0.125, 0.25, 0.625, 0.0]"
"Είπε ο Αχιλλέας, και σφεντονίζοντας στο χώμα το ραβδί του,",0.0,0.0,0.0,1.0,"[0.0, 0.0, 0.0, 1.0]"
"το πλουμισμένο με χρυσόκαρφα, στη θέση του διαγέρνει.",0.375,0.375,0.125,0.125,"[0.375, 0.375, 0.125, 0.125]"
Χώρια κι ο γιος του Ατρέα ξεφρένιαζε. Πετάχτη τότε ομπρός τους,0.25,0.25,0.5,0.0,"[0.25, 0.25, 0.5, 0.0]"
"ο Νέστορας, ο γλυκομίλητος αγορητής της Πύλος,",0.375,0.625,0.0,0.0,"[0.375, 0.625, 0.0, 0.0]"
που πιο γλυκά άπ᾿ το μέλι ανάβρυζαν τα λόγια του απ᾿ το στόμα.,0.125,0.875,0.0,0.0,"[0.125, 0.875, 0.0, 0.0]"
Δυο είχαν ιδεί τα μάτια του γενιές ως τώρα να πεθαίνουν,0.0,0.375,0.625,0.0,"[0.0, 0.375, 0.625, 0.0]"
"θνητών ανθρώπων, πού γεννήθηκαν και τράνεψαν πιο πρώτα",0.25,0.5,0.25,0.0,"[0.25, 0.5, 0.25, 0.0]"
"στην άγια Πύλο, και βασίλευε πια στη γενιά την τρίτη.",0.5,0.375,0.125,0.0,"[0.5, 0.375, 0.125, 0.0]"
και τότε μίλησε καλόγνωμος αναμεσό τους κι είπε:,0.25,0.75,0.0,0.0,"[0.25, 0.75, 0.0, 0.0]"
"« Ώχού, τρανό κακό που πλάκωσε των Αχαιών τη χώρα!",0.0,0.25,0.75,0.0,"[0.0, 0.25, 0.75, 0.0]"
"Ο Πρίαμος πόσο θ᾿ αναγάλλιαζε κι οι γιοι του Πριάμου τώρα,",0.125,0.5,0.25,0.125,"[0.125, 0.5, 0.25, 0.125]"
"πόσο βαθιά κ᾿ οι Τρώες οι επίλοιποι θα χαίρουνταν αλήθεια,",0.125,0.375,0.375,0.125,"[0.125, 0.375, 0.375, 0.125]"
"τούτα για σας τους δυο να μάθαιναν, πώς αρπαχτήκατε έτσι,",0.125,0.25,0.5,0.125,"[0.125, 0.25, 0.5, 0.125]"
"οι πρώτοι Αργίτες, και στη φρόνεψη και στο κοντάρι οι πρώτοι.",0.25,0.5,0.25,0.0,"[0.25, 0.5, 0.25, 0.0]"
Μα τώρα ακουστέ μου! Τα χρόνια μου κανένας σας δεν τα 'χει.,0.25,0.625,0.125,0.0,"[0.25, 0.625, 0.125, 0.0]"
Εγώ είχα σμίξει με άντρες κάποτε πολύ τρανότερούς σας,0.25,0.75,0.0,0.0,"[0.25, 0.75, 0.0, 0.0]"
"—χρόνια παλιά—κι αυτοί τα λόγια μου δεν τ᾿ αψηφούσαν, όχι.",0.125,0.875,0.0,0.0,"[0.125, 0.875, 0.0, 0.0]"
"Άντρες παρόμοιους δεν αντάμωσα κι ουδέ και θ᾿ ανταμώσω,",0.0,1.0,0.0,0.0,"[0.0, 1.0, 0.0, 0.0]"
"σαν τον Πειρίθο ή τον Πολύφημο, που ίδια θεός λογιόταν,",0.25,0.75,0.0,0.0,"[0.25, 0.75, 0.0, 0.0]"
"σαν τον Εξάδιο, σαν το Δρύαντα, σαν τον Καινέα το ρήγα,",0.5,0.5,0.0,0.0,"[0.5, 0.5, 0.0, 0.0]"
"σαν το Θησέα, στην όψη που 'μοιαζε θεός, το γιο του Αιγέα.",0.375,0.625,0.0,0.0,"[0.375, 0.625, 0.0, 0.0]"
"Πολλά αντρειωμένοι εκείνοι εστάθηκαν στης γης τους άντρες μέσα,",0.125,0.875,0.0,0.0,"[0.125, 0.875, 0.0, 0.0]"
"πολλά αντρειωμένοι, και πολέμησαν και με πολλά αντρειωμένους'",0.125,0.875,0.0,0.0,"[0.125, 0.875, 0.0, 0.0]"
με του βουνού τους δράκους τα 'βαλαν και τους χάλασαν όλους.,0.125,0.875,0.0,0.0,"[0.125, 0.875, 0.0, 0.0]"
"Μ᾿ αυτούς εγώ συναπαντήθηκα, φτασμένος απ᾿ την Πύλο,",0.5,0.5,0.0,0.0,"[0.5, 0.5, 0.0, 0.0]"
"πέρα, από τόπο αλαργοτάξιδο᾿ τι ατοί τους με κάλεσαν,",0.75,0.25,0.0,0.0,"[0.75, 0.25, 0.0, 0.0]"
"και χώρια, για δικού μου, αμάχουμουν. Απ᾿ όσους θρέφει τώρα",0.5,0.375,0.125,0.0,"[0.5, 0.375, 0.125, 0.0]"
"η γη, κανείς δε θα 'χε ανάκαρα να χτυπηθεί μαζί τους.",0.25,0.625,0.125,0.0,"[0.25, 0.625, 0.125, 0.0]"
Κι ωστόσο παίρναν και τη γνώμη μου και μου άκουγαν το λόγο.,0.0,0.0,0.0,1.0,"[0.0, 0.0, 0.0, 1.0]"
"Λοιπόν κι εσείς, ελάτε, ακούστε μου, χαρά σ᾿ αυτόν που ακούει.",0.0,1.0,0.0,0.0,"[0.0, 1.0, 0.0, 0.0]"
"και μήτε εσύ, κι ας έχεις δύναμη, την κόρη να του πάρεις,",0.0,0.875,0.125,0.0,"[0.0, 0.875, 0.125, 0.0]"
"μόν᾿ άφησέ τη, ως του την έδωκαν αποξαρχής οι Αργίτες᾿",0.0,0.875,0.125,0.0,"[0.0, 0.875, 0.125, 0.0]"
"μήτε κι εσύ, Αχιλλέα, να ρίχνεσαι του βασιλιά μας τώρα",0.0,1.0,0.0,0.0,"[0.0, 1.0, 0.0, 0.0]"
σαν ίσια κι όμοιος· τι δεν έλαχε την ίδια με τους άλλους,0.0,1.0,0.0,0.0,"[0.0, 1.0, 0.0, 0.0]"
"τιμή ένας ρήγας πρωτοστάτορας, που ο Δίας τον μεγαλύνει.",0.0,1.0,0.0,0.0,"[0.0, 1.0, 0.0, 0.0]"
"Κι αν είσαι δυνατός, κι αν σ᾿ έκανε θεά μητέρα εσένα,",0.0,0.875,0.125,0.0,"[0.0, 0.875, 0.125, 0.0]"
"στέκει απ᾿ την άλλη αυτός πιο πάνω σου, τι πιο πολλούς ορίζει.",0.0,0.75,0.25,0.0,"[0.0, 0.75, 0.25, 0.0]"
"Υγιέ του Ατρέα, κι εσύ την όργητα παράτα, του Αχιλλέα",0.0,0.875,0.125,0.0,"[0.0, 0.875, 0.125, 0.0]"
"μην του κρατάς θυμό, ξορκίζω σε᾿ τι στους Αργίτες όλους",0.0,0.875,0.125,0.0,"[0.0, 0.875, 0.125, 0.0]"
αυτός μας στέκει κάστρο ατράνταχτο μες στη σφαγή την άγρια.»,0.125,0.875,0.0,0.0,"[0.125, 0.875, 0.0, 0.0]"
Κι ο πρωταφέντης Αγαμέμνονας γυρνώντας του αποκρίθη:,0.0,0.0,0.0,1.0,"[0.0, 0.0, 0.0, 1.0]"
"« Τα όσα μου λες αλήθεια, γέροντα, πολύ σωστά και δίκια,",0.125,0.625,0.25,0.0,"[0.125, 0.625, 0.25, 0.0]"
"μ᾿ αυτός εδώ γυρεύει απ᾿ όλους μας να στέκεται πιο πάνω,",0.125,0.125,0.75,0.0,"[0.125, 0.125, 0.75, 0.0]"
"όλους δικούς του να 'χει, σε όλους μας να κάνει το κουμάντο,",0.125,0.125,0.75,0.0,"[0.125, 0.125, 0.75, 0.0]"
όλους να ορίζει᾿ μα τα λόγια του θα πάν θαρρώ του ανέμου.,0.125,0.125,0.75,0.0,"[0.125, 0.125, 0.75, 0.0]"
"Κι αν οι θεοί μαθές οι αθάνατοι τον κάμαν αντρειωμένο,",0.25,0.25,0.5,0.0,"[0.25, 0.25, 0.5, 0.0]"
του δώκαν τάχα και το λεύτερο να βγαίνει να μας βρίζει;»,0.125,0.125,0.75,0.0,"[0.125, 0.125, 0.75, 0.0]"
Το λόγο του 'κόψε ο τρισεύγενος τότε Αχιλλέας και του 'πε:,0.0,0.0,0.0,1.0,"[0.0, 0.0, 0.0, 1.0]"
"« Αλήθεια, να με πούνε θ᾿ αξιζε κιοτή και τιποτένιο,",0.125,0.25,0.625,0.0,"[0.125, 0.25, 0.625, 0.0]"
"σε ό,τι κι αν έλεγες αν σύγκλινα, να κάνω ό,τι προστάζεις.",0.25,0.375,0.375,0.0,"[0.25, 0.375, 0.375, 0.0]"
"Άλλους, αν θέλεις, βρες κι αφέντευε, σε μένα πια μην κάνεις",0.125,0.5,0.375,0.0,"[0.125, 0.5, 0.375, 0.0]"
κουμάντο τώρα᾿ τι τα λόγια σου θα παν θαρρώ του ανέμου.,0.125,0.5,0.375,0.0,"[0.125, 0.5, 0.375, 0.0]"
"Κάποιο άλλο λόγο τώρα θά 'λεγα, και συ στο νου σου βάλ᾿ τον:",0.125,0.625,0.25,0.0,"[0.125, 0.625, 0.25, 0.0]"
Στα χέρια αλήθεια εγώ δεν έρχομαι με σένα για και μ᾿ άλλον,0.0,0.875,0.125,0.0,"[0.0, 0.875, 0.125, 0.0]"
γι᾿ αυτή την κόρη που μού δώσατε και τώρα παίρνετέ μου',0.125,0.5,0.375,0.0,"[0.125, 0.5, 0.375, 0.0]"
όμως απ᾿ τ᾿ άλλα που μου βρίσκουνται μες στο γοργό καράβι,0.125,0.5,0.25,0.125,"[0.125, 0.5, 0.25, 0.125]"
δεν έχεις να μου πάρεις τίποτα χωρίς το θέλημα μου.,0.0,0.625,0.375,0.0,"[0.0, 0.625, 0.375, 0.0]"
"Είδε κι αν θες, ομπρός, δοκίμασε, για να το δουν και τούτοι'",0.125,0.25,0.625,0.0,"[0.125, 0.25, 0.625, 0.0]"
ευτύς θ᾿ αναβρυσίσει το αίμα σου τρογύρα απ᾿ το κοντάρι!»,0.0,0.25,0.75,0.0,"[0.0, 0.25, 0.75, 0.0]"
"Έτσι ως πιάστηκαν συναλλάζοντας λόγια βαριά κι οι δυο τους,",0.0,0.0,0.0,1.0,"[0.0, 0.0, 0.0, 1.0]"
σκωθηκαν και σκολνούν τη σύναξη στ᾿ Αργίτικα καράβια.,0.375,0.25,0.25,0.125,"[0.375, 0.25, 0.25, 0.125]"
Και τράβηξε ο Αχιλλέας για τ᾿ άρμενα τα καλοζυγιασμένα,0.125,0.5,0.25,0.125,"[0.125, 0.5, 0.25, 0.125]"
"και τα καλύβια, με τον Πάτροκλο μαζί και τους συντρόφους.",0.25,0.5,0.125,0.125,"[0.25, 0.5, 0.125, 0.125]"
"Κι ο γιος του Ατρέα γοργό στη θάλασσα καράβι λέει και ρίχνουν,",0.125,0.625,0.125,0.125,"[0.125, 0.625, 0.125, 0.125]"
"διαλέει και λαμνοκόπους είκοσι, πλήθια σφαχτά φορτώνει",0.125,0.625,0.125,0.125,"[0.125, 0.625, 0.125, 0.125]"
για το θεό᾿ τη ροδομάγουλη μετά τη Χρυσοπούλα,0.25,0.75,0.0,0.0,"[0.25, 0.75, 0.0, 0.0]"
καθίζει. Μπήκε κι ο πολύγνωμος να κυβερνά Οδυσσέας.,0.125,0.875,0.0,0.0,"[0.125, 0.875, 0.0, 0.0]"
Μπήκαν λοιπόν αυτοί κι αρμένιζαν στης θάλασσας τις στράτες!,0.0,0.0,0.0,1.0,"[0.0, 0.0, 0.0, 1.0]"
"κι ο γιος του Ατρέα το ασκέρι πρόσταξε να ξαγνιστεί, κι εκείνοι",0.25,0.5,0.25,0.0,"[0.25, 0.5, 0.25, 0.0]"
"λούζονταν, κι όλα τ᾿ απονίμματα μες στο γιαλό τα ρίχναν,",0.375,0.375,0.25,0.0,"[0.375, 0.375, 0.25, 0.0]"
και στον Απόλλωνα αψεγάδιαστα ταυριά και γίδια έσφαζαν,0.0,0.375,0.625,0.0,"[0.0, 0.375, 0.625, 0.0]"
"πολλά, στης άκαρπης της θάλασσας μπροστά το γυρογιάλι'",0.25,0.25,0.5,0.0,"[0.25, 0.25, 0.5, 0.0]"
κι η κνίσα ανέβαινε στρουφίζοντας με τον καπνό στα ουράνια.,0.25,0.25,0.5,0.0,"[0.25, 0.25, 0.5, 0.0]"
Τούτοι έτσι εμόχτουν ο Αγαμέμνονας δεν παρατούσε ωστόσο,0.0,0.0,0.0,1.0,"[0.0, 0.0, 0.0, 1.0]"
την όχτρητα και τι φοβέρισε στον Αχιλλέα να κάνει',0.25,0.125,0.625,0.0,"[0.25, 0.125, 0.625, 0.0]"
"κι ευτύς τον Ευρυβάτη εφώναξε και τον Ταλθύβιο ομπρός του,",0.25,0.125,0.625,0.0,"[0.25, 0.125, 0.625, 0.0]"
τους δυο διαλάληδες και πρόθυμους παραστεκάμενούς του:,0.5,0.125,0.375,0.0,"[0.5, 0.125, 0.375, 0.0]"
«Για συρτέ στου Αχιλλέα και γρήγορα κρατώντας τη απ΄ το χέρι,0.0,0.25,0.75,0.0,"[0.0, 0.25, 0.75, 0.0]"
φέρτε μου εδώ τη ροδομάγουλη γυρνώντας Βρισοπούλα.,0.0,0.125,0.875,0.0,"[0.0, 0.125, 0.875, 0.0]"
"Κι αν δεν τη δώσει, εγώ με πιότερους Θα πάω και θα την πάρω",0.0,0.0,1.0,0.0,"[0.0, 0.0, 1.0, 0.0]"
με αυτά τα χέρια μου᾿ βαρύτερα θα το πλερώσει τότε.»,0.0,0.0,1.0,0.0,"[0.0, 0.0, 1.0, 0.0]"
"Ως είπε τούτα φοβερίζοντας, τους πρόσταξε να φύγουν,",0.0,0.0,0.0,1.0,"[0.0, 0.0, 0.0, 1.0]"
κι αυτοί στο κύμα δίπλα το άκαρπο γιαλό γιαλό τραβούσαν,0.5,0.25,0.25,0.0,"[0.5, 0.25, 0.25, 0.0]"
"αθέλητα τους, ως που στ᾿ άρμενα των Μυρμιδόνων φτάσαν.",0.25,0.25,0.5,0.0,"[0.25, 0.25, 0.5, 0.0]"
Και τον πέτυχαν στο καράβι του σιμά και στο καλύβι,0.375,0.25,0.25,0.125,"[0.375, 0.25, 0.25, 0.125]"
"να κάθεται, κι ουδέ το χάρηκε να τους ιδεί μπροστά του.",0.25,0.25,0.5,0.0,"[0.25, 0.25, 0.5, 0.0]"
"Κι εκείνοι εδείλιασαν και ντράπηκαν τον Αχιλλέα, κι αντίκρυ",0.125,0.375,0.5,0.0,"[0.125, 0.375, 0.5, 0.0]"
στέκονταν κι ούτε τον χαιρέτιζαν κι ουδέ και τον ρωτούσαν.,0.125,0.25,0.625,0.0,"[0.125, 0.25, 0.625, 0.0]"
Μ᾿ αυτός τι θέλαν το κατάλαβε και μίλησε τους πρώτος:,0.5,0.25,0.25,0.0,"[0.5, 0.25, 0.25, 0.0]"
"« Καλώς τους κράχτες, τους μαντάτορες του Δία και των ανθρώπων",0.125,0.625,0.25,0.0,"[0.125, 0.625, 0.25, 0.0]"
"ζυγώστε᾿ εσείς δε φταίτε τίποτα, μονάχα ο γιος του Ατρέα,",0.0,0.875,0.125,0.0,"[0.0, 0.875, 0.125, 0.0]"
πού εδώ σας στέλνει να μου πάρετε την ώρια Βρισοπούλα.,0.0,0.75,0.25,0.0,"[0.0, 0.75, 0.25, 0.0]"
"Πάτροκλε, εμπρός, αρχοντογέννητε, βγάλε και δώσ᾿ την κόρη",0.0,0.375,0.625,0.0,"[0.0, 0.375, 0.625, 0.0]"
να τήνε πάρουν κι οι διαλάληδες μαρτύροι ας είναι ετούτοι,0.125,0.25,0.625,0.0,"[0.125, 0.25, 0.625, 0.0]"
"μπρος στους τρισμάκαρους αθάνατους, μπρος στους θνητούς ανθρώπους",0.125,0.25,0.625,0.0,"[0.125, 0.25, 0.625, 0.0]"
"και μπρος στο βασιλιά τον άκαρδο, τη μέρα που θα μ᾿ έχουν",0.0,0.25,0.75,0.0,"[0.0, 0.25, 0.75, 0.0]"
"τυχόν ανάγκη, πάλε από άδικο χαμό να ξεγλιτώσω",0.0,0.25,0.75,0.0,"[0.0, 0.25, 0.75, 0.0]"
τους άλλους· τι έχει εκείνος μέσα του κατάρα δίχως άλλο,0.0,0.25,0.75,0.0,"[0.0, 0.25, 0.75, 0.0]"
"και ξεφρενιάζει, κι ουδέ δύνεται να ιδεί μπροστά και πίσω,",0.0,0.25,0.75,0.0,"[0.0, 0.25, 0.75, 0.0]"
πώς δίπλα στα καράβια ανέβλαβος θα πολεμά ο στρατός του.»,0.125,0.25,0.625,0.0,"[0.125, 0.25, 0.625, 0.0]"
"Είπε, κι ο Πάτροκλος του ακράνη του συναγρικάει το λόγο,",0.0,0.0,0.0,1.0,"[0.0, 0.0, 0.0, 1.0]"
κι απ᾿ το καλύβι την πανέμνοστη τη Βρισοπούλα βγάζει,0.375,0.125,0.5,0.0,"[0.375, 0.125, 0.5, 0.0]"
"και τους τη δίνει· δίπλα στ᾿ άρμενα το δρόμο εκείνοι επήραν,",0.5,0.125,0.375,0.0,"[0.5, 0.125, 0.375, 0.0]"
κι η κόρη αθέλητα της πήγαινε μαζί τους. Δακρυσμένος,0.125,0.125,0.75,0.0,"[0.125, 0.125, 0.75, 0.0]"
τότε ο Αχιλλέας απ᾿ τους συντρόφους του μακραίνει και καθίζει,0.125,0.125,0.75,0.0,"[0.125, 0.125, 0.75, 0.0]"
"μπρος στον ψαρή γιαλό, το απέραντο το πέλαγο θωρώντας,",0.25,0.125,0.625,0.0,"[0.25, 0.125, 0.625, 0.0]"
κι απλώνοντας τα χέρια ευκήθηκε στην ακριβή του μάνα:,0.0,0.25,0.75,0.0,"[0.0, 0.25, 0.75, 0.0]"
"« Μάνα μου, τόσο αφού με γέννησες λιγόχρονο, και να 'ταν",0.0,0.25,0.75,0.0,"[0.0, 0.25, 0.75, 0.0]"
"ο Ολύμπιος Δίας τιμή να μου 'δινεν, ο αψηλοβροντολάλος!",0.0,0.25,0.75,0.0,"[0.0, 0.25, 0.75, 0.0]"
Μ᾿ αυτός ουδέ μια στάλα μου 'δειξε τιμή την ώρα ετούτη᾿,0.0,0.125,0.875,0.0,"[0.0, 0.125, 0.875, 0.0]"
"τι ο πρωταφέντης Αγαμέμνονας, ο μέγας γιος του Ατρέα,",0.25,0.125,0.625,0.0,"[0.25, 0.125, 0.625, 0.0]"
"δε με σεβάστη, μόνο μου άρπαζε το αρχοντομοίρι ατός του.»",0.0,0.125,0.875,0.0,"[0.0, 0.125, 0.875, 0.0]"
"Είπε θρηνώντας, και τον άκουσεν η σεβαστή του η μάνα,",0.0,0.0,0.0,1.0,"[0.0, 0.0, 0.0, 1.0]"
"που πλάι στο γέρο κύρη εκάθουνταν, στα βάθη του πελάγου,",0.25,0.5,0.125,0.125,"[0.25, 0.5, 0.125, 0.125]"
"κι απ᾿ το ψαρί το κύμα επρόβαλε με βιάση, σαν αντάρα,",0.125,0.5,0.25,0.125,"[0.125, 0.5, 0.25, 0.125]"
"και στον υιό της που 'κλαιεν έτρεξε και κάθισε μπροστά του,",0.0,0.625,0.375,0.0,"[0.0, 0.625, 0.375, 0.0]"
και με το χέρι της τον χάιδεψε κι έτσι μιλάει και κρένει:,0.0,0.75,0.25,0.0,"[0.0, 0.75, 0.25, 0.0]"
"« Τι κλαις, παιδί μου; ποιος σου τάραξε καημός τα σπλάχνα τώρα;",0.0,0.375,0.625,0.0,"[0.0, 0.375, 0.625, 0.0]"
"Μίλα ανοιχτά, κι οι δυο να ξέρουμε, μην το κρατάς κρυμμένο.»",0.0,0.375,0.625,0.0,"[0.0, 0.375, 0.625, 0.0]"
Βαριά βογγώντας ο φτερόποδος απάντησε Αχιλλέας:,0.0,0.0,0.0,1.0,"[0.0, 0.0, 0.0, 1.0]"
"« Τα ξέρεις᾿ τι τα θες τα λόγια μου, μια και τα ξέρεις όλα;",0.125,0.25,0.625,0.0,"[0.125, 0.25, 0.625, 0.0]"
"Στη Θήβα, στου Ηετίωνα πήγαμε την πολιτεία την άγια,",0.25,0.375,0.375,0.0,"[0.25, 0.375, 0.375, 0.0]"
"κι αφού την πήραμε, τα κούρσα μας εδώ τα φέραμε όλα.",0.25,0.25,0.5,0.0,"[0.25, 0.25, 0.5, 0.0]"
"Κι οι γιοι των Αχαιών, ως ταίριαζε, καθώς τα διαμοίραζαν,",0.25,0.25,0.5,0.0,"[0.25, 0.25, 0.5, 0.0]"
στο γιο του Ατρέα τη ροδομάγουλη χάρισαν Χρυσοπούλα.,0.125,0.25,0.625,0.0,"[0.125, 0.25, 0.625, 0.0]"
"Μα ο Χρύσης, ο ιερέας του Απόλλωνα του μακροσαγιτάρη,",0.375,0.125,0.5,0.0,"[0.375, 0.125, 0.5, 0.0]"
στων Αχαιών τα πλοία τα γρήγορα των χαλκοθωρακάτων,0.25,0.375,0.375,0.0,"[0.25, 0.375, 0.375, 0.0]"
"με λύτρα αρίφνητα, την κόρη του να λευτερώσει, φτάνει,",0.125,0.375,0.5,0.0,"[0.125, 0.375, 0.5, 0.0]"
του μακροσαγιτάρη Απόλλωνα κρατώντας τα στεφάνια,0.125,0.5,0.375,0.0,"[0.125, 0.5, 0.375, 0.0]"
"πα στο χρυσό ραβδί, και πρόσπεφτε μπρος στους Αργίτες όλους,",0.125,0.25,0.625,0.0,"[0.125, 0.25, 0.625, 0.0]"
ξεχωριστά στους δυο πολέμαρχους υγιούς του Ατρέα γυρνώντας.,0.5,0.125,0.375,0.0,"[0.5, 0.125, 0.375, 0.0]"
Οι Αργίτες οι άλλοι ευτύς με μια φωνή να σεβαστούν έκραξαν,0.125,0.375,0.5,0.0,"[0.125, 0.375, 0.5, 0.0]"
"το λειτουργό, και τα περίλαμπρα ν᾿ αποδεχτούνε δώρα'",0.125,0.375,0.5,0.0,"[0.125, 0.375, 0.5, 0.0]"
"όμως του Ατρείδη του Αγαμέμνονα δεν άρεσε η βουλή τους,",0.125,0.125,0.75,0.0,"[0.125, 0.125, 0.75, 0.0]"
μόν᾿ τον κακόδιωχνε και του 'ριχνε βαριά φοβέρα ακόμα.,0.125,0.125,0.75,0.0,"[0.125, 0.125, 0.75, 0.0]"
"Όλο θυμό τα πίσω ο γέροντας γυρνάει, κι ο Φοίβος τότε",0.125,0.125,0.75,0.0,"[0.125, 0.125, 0.75, 0.0]"
"την προσευκή του ευτύς επάκουσε, τι στην καρδιά τον είχε.",0.125,0.375,0.5,0.0,"[0.125, 0.375, 0.5, 0.0]"
"Φαρμακερές σαγίτες έριχνε στους Αχαιούς, κι εκείνοι",0.125,0.125,0.75,0.0,"[0.125, 0.125, 0.75, 0.0]"
"πέθαιναν πανωτά, και χύνουνταν οι θεϊκές σαγίτες",0.125,0.125,0.75,0.0,"[0.125, 0.125, 0.75, 0.0]"
απ᾿ άκρη σ᾿ άκρη μες στ᾿ Αργίτικα φαρδιά λημέρια. Τότε,0.375,0.125,0.5,0.0,"[0.375, 0.125, 0.5, 0.0]"
"μας είπε τη βουλή, ως την κάτεχε, του Μακρορίχτη ο μάντης.",0.5,0.125,0.375,0.0,"[0.5, 0.125, 0.375, 0.0]"
"Εγώ του Φοίβου να προσπέσουμε παρακινώ τους πρώτος,",0.25,0.5,0.25,0.0,"[0.25, 0.5, 0.25, 0.0]"
"μα σύγκλυσε τον Αγαμέμνονα θυμός, κι ολόρθος τότε",0.25,0.125,0.625,0.0,"[0.25, 0.125, 0.625, 0.0]"
"πετιέται και φοβέρα μου 'ριξε, που κιόλας έχει γένει᾿",0.25,0.125,0.625,0.0,"[0.25, 0.125, 0.625, 0.0]"
τι εκείνη οι Αργίτες οι αστρομάτηδες με γρήγορο καράβι,0.375,0.25,0.375,0.0,"[0.375, 0.25, 0.375, 0.0]"
"την παν στη Χρύσα, και δοσίματα για το θεό φόρτωσαν",0.25,0.375,0.375,0.0,"[0.25, 0.375, 0.375, 0.0]"
"όμως την άλλη, αυτήν που μου 'δωκαν οι Αργίτες, μου την πήραν,",0.125,0.125,0.75,0.0,"[0.125, 0.125, 0.75, 0.0]"
"τη Βρισοπούλα, απ᾿ το καλύβι μου λίγη ώρα πριν οι κράχτες.",0.125,0.125,0.75,0.0,"[0.125, 0.125, 0.75, 0.0]"
"Τώρα αν εσύ μπορείς, διαφέντεψε τον αντρειωμένο γιο σου᾿",0.125,0.5,0.375,0.0,"[0.125, 0.5, 0.375, 0.0]"
"σύρε στον Όλυμπο και πρόσπεσε στο Δία, καμιάν ως τώρα",0.25,0.375,0.375,0.0,"[0.25, 0.375, 0.375, 0.0]"
φορά του Δία τα σπλάχνα αν εύφρανες με λόγο για με πράξη',0.375,0.375,0.25,0.0,"[0.375, 0.375, 0.25, 0.0]"
τι σ᾿ άκουσα συχνά στου κύρη μου το σπίτι να παινιέσαι,0.25,0.375,0.25,0.125,"[0.25, 0.375, 0.25, 0.125]"
"και να μας λες, το μαυροσύγνεφο του Κρόνου υγιό μονάχη",0.25,0.5,0.25,0.0,"[0.25, 0.5, 0.25, 0.0]"
"μες στους αθάνατους πως γλίτωσες από περίσσια πάθη,",0.125,0.625,0.25,0.0,"[0.125, 0.625, 0.25, 0.0]"
"τότε που θέλαν οι άλλοι του Ολύμπου θεοί να τόνε δέσουν,",0.125,0.375,0.5,0.0,"[0.125, 0.375, 0.5, 0.0]"
"ο Ποσειδώνας, η Ήρα κι η Αθηνά μαζί τους η Παλλάδα.",0.25,0.375,0.25,0.125,"[0.25, 0.375, 0.25, 0.125]"
"Μα ήρθες εσύ και τον λευτέρωσες, θεά, από τα δεσμά του,",0.0,0.875,0.125,0.0,"[0.0, 0.875, 0.125, 0.0]"
τον Εκατόχερο φωνάζοντας στ᾿ ακρόκορφα του Ολύμπου᾿,0.0,0.625,0.25,0.125,"[0.0, 0.625, 0.25, 0.125]"
οι θεοί τον κράζουν Πολυδύναμο κι οι άνθρωποι από την άλλη,0.125,0.625,0.25,0.0,"[0.125, 0.625, 0.25, 0.0]"
"Αιγαίωνα, τι περνάει στη δύναμη και το γονιό του ακόμα.",0.125,0.5,0.25,0.125,"[0.125, 0.5, 0.25, 0.125]"
"Κάθισε τότε καμαρώνοντας τη δύναμη του, δίπλα",0.125,0.75,0.125,0.0,"[0.125, 0.75, 0.125, 0.0]"
"στο Δία, κι οι τρισμακάριοι εζάρωσαν θεοί και δεν τον δέσαν.",0.125,0.5,0.375,0.0,"[0.125, 0.5, 0.375, 0.0]"
"Ολα εσύ τώρα αυτά καθίζοντας σιμά του θύμισε του,",0.25,0.5,0.25,0.0,"[0.25, 0.5, 0.25, 0.0]"
"τα γόνατα του πιάσε, αν θα 'θελε στους Τρώες να δώσει χέρι,",0.125,0.375,0.5,0.0,"[0.125, 0.375, 0.5, 0.0]"
και τους Αργίτες πλάι στη θάλασσα κι ομπρός στα πλοία να κλείσει,0.0,0.25,0.75,0.0,"[0.0, 0.25, 0.75, 0.0]"
"ματοκυλώντας τους, το ρήγα τους για να τον χαίρουνται όλοι᾿",0.0,0.25,0.75,0.0,"[0.0, 0.25, 0.75, 0.0]"
"κι ο πρωταφέντης Αγαμέμνονας, ο γιος του Ατρέα, να νιώσει",0.375,0.25,0.375,0.0,"[0.375, 0.25, 0.375, 0.0]"
"την τύφλα του, που καταφρόνεσε τον πρώτο απ᾿ τους Αργίτες.»",0.125,0.25,0.625,0.0,"[0.125, 0.25, 0.625, 0.0]"
Κι η Θέτη ευτύς του απηλογήθηκε στα δάκρυα βουτημένη:,0.0,0.0,1.0,0.0,"[0.0, 0.0, 1.0, 0.0]"
"« Ωχού, παιδί μου, τι σε ανάσταινα, τον πικρογεννημένο!",0.0,0.0,1.0,0.0,"[0.0, 0.0, 1.0, 0.0]"
"Ας ήταν άβλαβος κι αδάκρυτος στ᾿ άρμενα πλάι να μένεις,",0.0,0.125,0.875,0.0,"[0.0, 0.125, 0.875, 0.0]"
έτσι που η Μοίρα λίγο σου 'γραψε κι όχι πολύ να ζήσεις.,0.0,0.0,1.0,0.0,"[0.0, 0.0, 1.0, 0.0]"
Μ᾿ αντάμα τώρα και λιγόχρονος κι ο πιο δυστυχισμένος,0.0,0.0,1.0,0.0,"[0.0, 0.0, 1.0, 0.0]"
απ᾿ όλους είσαι. Μαύρη κι άραχλη που σε γεννούσα η μοίρα!,0.0,0.0,1.0,0.0,"[0.0, 0.0, 1.0, 0.0]"
Τούτα στο Δία τον κεραυνόχαρο να πω θ᾿ ανέβω ατή μου,0.0,0.25,0.75,0.0,"[0.0, 0.25, 0.75, 0.0]"
"στο χιονοσκέπαστο τον Όλυμπο, μπορεί και να μ᾿ ακούσει.",0.25,0.25,0.5,0.0,"[0.25, 0.25, 0.5, 0.0]"
Μα τώρα εσύ στα γοργοτάξιδα καθούμενος καράβια,0.25,0.25,0.5,0.0,"[0.25, 0.25, 0.5, 0.0]"
"με τους Αργίτες βάστα μάνητα, μην πολεμάς καθόλου᾿",0.125,0.25,0.625,0.0,"[0.125, 0.25, 0.625, 0.0]"
"τι ο Δίας επήγε χτες στους άψεγους Αιθίοπες καλεσμένος,",0.25,0.25,0.5,0.0,"[0.25, 0.25, 0.5, 0.0]"
"στον Ωκεανό μακριά, κι οι αθάνατοι τον ακλουθηξαν όλοι.",0.375,0.25,0.375,0.0,"[0.375, 0.25, 0.375, 0.0]"
"Ομως ξανά σε μέρες δώδεκα στον Όλυμπο θα γύρει,",0.375,0.125,0.5,0.0,"[0.375, 0.125, 0.5, 0.0]"
και τότε εγώ στο χαλκοκάτωφλο παλάτι του θ᾿ ανέβω,0.25,0.25,0.5,0.0,"[0.25, 0.25, 0.5, 0.0]"
"και θα προσπέσω ομπρός στα πόδια του, και λέω πώς θα μ᾿ ακούσει.»",0.125,0.375,0.5,0.0,"[0.125, 0.375, 0.5, 0.0]"
"Σα μίλησε έτσι, ασκώθη κι έφυγε, κει πέρα αφήνοντας τον",0.25,0.125,0.625,0.0,"[0.25, 0.125, 0.625, 0.0]"
"όλο θυμό, που την ωριόζωστη γυναίκα του 'χαν πάρει",0.0,0.125,0.875,0.0,"[0.0, 0.125, 0.875, 0.0]"
"μεβιάς, αθέλητα του. Ζύγωνε στη Χρύσα το καράβι᾿",0.125,0.25,0.625,0.0,"[0.125, 0.25, 0.625, 0.0]"
"ωστόσο του Οδυσσέα, τ᾿ αγιάτικα σφαχτά που κουβαλούσε.",0.375,0.375,0.25,0.0,"[0.375, 0.375, 0.25, 0.0]"
"Κι όταν εκείνοι στο πολύβαθο λιμάνι μέσα εμπήκαν,",0.375,0.25,0.375,0.0,"[0.375, 0.25, 0.375, 0.0]"
"μάζεψαν τα πανιά, τ᾿ απόθεσαν στο μελανό καράβι,",0.25,0.25,0.5,0.0,"[0.25, 0.25, 0.5, 0.0]"
λύσαν τα ξάρτια και στο δίκρανο πλάγιασαν το κατάρτι,0.5,0.25,0.25,0.0,"[0.5, 0.25, 0.25, 0.0]"
"με δίχως ξάργητα, και λάμνοντας το άραξοβόλι πιάνουν.",0.5,0.25,0.25,0.0,"[0.5, 0.25, 0.25, 0.0]"
"Όξω πετούν τις αγκυρόπετρες και την πρυμάτσα δένουν,",0.375,0.25,0.375,0.0,"[0.375, 0.25, 0.375, 0.0]"
"όξω κι εκείνοι στο γυρόγιαλο της θάλασσας εβγήκαν,",0.25,0.375,0.375,0.0,"[0.25, 0.375, 0.375, 0.0]"
"όξω και τα σφαχτά του Απόλλωνα του μακρορίχτη έβγαλαν,",0.25,0.375,0.375,0.0,"[0.25, 0.375, 0.375, 0.0]"
όξω απ᾿ το πλοίο το πελαγόδρομο κι η Χρυσοπούλα εβγήκε.,0.25,0.375,0.375,0.0,"[0.25, 0.375, 0.375, 0.0]"
Τότε ο Οδυσσέας ό πολυκάτεχος μπρος στο βωμό τη φέρνει,0.25,0.5,0.25,0.0,"[0.25, 0.5, 0.25, 0.0]"
και την παράδωσε στου κύρη της τα χέρια λέγοντας του:,0.125,0.75,0.125,0.0,"[0.125, 0.75, 0.125, 0.0]"
"«Χρύση, ο ρηγάρχης Αγαμέμνονας με στέλνει να σου δώσω",0.125,0.75,0.125,0.0,"[0.125, 0.75, 0.125, 0.0]"
"πίσω την κόρη, και να σφάξουμε περίσσια αρνιά στο Φοίβο,",0.0,1.0,0.0,0.0,"[0.0, 1.0, 0.0, 0.0]"
"να ελεηθεί, αν θελήσει η χάρη του, τους Δαναούς, τι αλήθεια",0.0,0.875,0.125,0.0,"[0.0, 0.875, 0.125, 0.0]"
με πίκρες έχει πολυστέναχτες ποτίσει τους Αργίτες.»,0.0,0.625,0.375,0.0,"[0.0, 0.625, 0.375, 0.0]"
"Τούτα μιλώντας του την έδωκε, κι αυτός την κόρη εδέχτη",0.0,0.875,0.125,0.0,"[0.0, 0.875, 0.125, 0.0]"
όλο χαρά᾿ κι εκείνοι γρήγορα τ᾿ αγιάτικα σφαχτάρια,0.0,1.0,0.0,0.0,"[0.0, 1.0, 0.0, 0.0]"
"στήσαν αράδα, στον καλόχτιστο βωμό του Φοίβου γύρω.",0.125,0.875,0.0,0.0,"[0.125, 0.875, 0.0, 0.0]"
"Κι ως χερονίφτηκαν κι εμοίρασαν τ᾿ αγιοκριθάρια, ο Χρύσης",0.375,0.625,0.0,0.0,"[0.375, 0.625, 0.0, 0.0]"
"βροντόφωνα, τα χέρια ασκώνοντας, για χάρη τους ευκήθη:",0.25,0.75,0.0,0.0,"[0.25, 0.75, 0.0, 0.0]"
"« Επάκουσε μου, ασημοδόξαρε, που κυβερνάς τη Χρύσα",0.25,0.75,0.0,0.0,"[0.25, 0.75, 0.0, 0.0]"
"και την τρισάγια Κίλλα, κι άσφαλτα την Τένεδο αφεντεύεις᾿",0.25,0.625,0.125,0.0,"[0.25, 0.625, 0.125, 0.0]"
κι άλλη φορά πιο πριν συνάκουσες την προσευκή μου εμένα,0.125,0.75,0.125,0.0,"[0.125, 0.75, 0.125, 0.0]"
και μου 'δειξες τιμή παιδεύοντας ανήλεα τους Αργίτες',0.125,0.5,0.375,0.0,"[0.125, 0.5, 0.375, 0.0]"
"όμοια και τώρα, αυτή μη μου αρνηθείς που σου ζητώ τη χάρη,",0.0,0.75,0.25,0.0,"[0.0, 0.75, 0.25, 0.0]"
και τους Αργίτες απ᾿ τον άδικο χαμό πια γλίτωσε τους.»,0.0,1.0,0.0,0.0,"[0.0, 1.0, 0.0, 0.0]"
"Είπε, και την ευκή του επάκουσεν ο Απόλλωνας ο Φοίβος·",0.0,0.0,0.0,1.0,"[0.0, 0.0, 0.0, 1.0]"
"κι ως ευκηθήκαν και πασπάλισαν μετά τ᾿ αγιοκριθάρια,",0.375,0.625,0.0,0.0,"[0.375, 0.625, 0.0, 0.0]"
"αναλαιμίσαν τ᾿ αρνοκάτσικα, τα σφάξανε, τα γδάραν,",0.25,0.375,0.375,0.0,"[0.25, 0.375, 0.375, 0.0]"
"χώρισαν τα μεριά, τα τύλιξαν τρογύρα με τη σκέπη,",0.25,0.375,0.375,0.0,"[0.25, 0.375, 0.375, 0.0]"
"διπλώνοντας τη, κι από πάνω τους κομμάτια κρέας πιθώσαν.",0.375,0.375,0.25,0.0,"[0.375, 0.375, 0.25, 0.0]"
"Σε σκίζες πάνω ο γέρος τα 'καιγε, και με κρασί φλογάτο",0.375,0.5,0.125,0.0,"[0.375, 0.5, 0.125, 0.0]"
"τα περεχούσε, και πεντόσουβλες στο πλάι του οι νιοί κρατούσαν.",0.375,0.5,0.125,0.0,"[0.375, 0.5, 0.125, 0.0]"
"Και σύντας τα μεριά αποκάηκαν και γεύτηκαν τα σπλάχνα,",0.25,0.75,0.0,0.0,"[0.25, 0.75, 0.0, 0.0]"
λιανίσαν τ᾿ άλλα και περνώντας τα στις σούβλες να τα ψήνουν,0.25,0.5,0.25,0.0,"[0.25, 0.5, 0.25, 0.0]"
"επήραν γνοιαστικά, κι ως ψήθηκαν, τ᾿ αποτραβήξαν όλα.",0.5,0.5,0.0,0.0,"[0.5, 0.5, 0.0, 0.0]"
"Κι απ᾿ τις δουλειές αυτές σα σκόλασαν κι ετοίμασαν τις τάβλες,",0.5,0.5,0.0,0.0,"[0.5, 0.5, 0.0, 0.0]"
"έτρωγαν, κι είχαν ως εταίριαζε καθείς το μερτικό του.",0.125,0.875,0.0,0.0,"[0.125, 0.875, 0.0, 0.0]"
"και σύντας του πιοτού θαράπεψαν και του φαγιού τον πόθο,",0.125,0.875,0.0,0.0,"[0.125, 0.875, 0.0, 0.0]"
"παίρνουν κροντήρια τ᾿ αρχοντόπουλα, κρασί τα ξεχειλίζουν,",0.25,0.75,0.0,0.0,"[0.25, 0.75, 0.0, 0.0]"
"και σ᾿ όλους τα ποτήρια εγιόμωσαν, απ᾿ τις σπονδές ν᾿ αρχίσουν.",0.125,0.875,0.0,0.0,"[0.125, 0.875, 0.0, 0.0]"
Κι ολημερίς με το τραγούδι τους και το χορό το Φοίβο,0.125,0.875,0.0,0.0,"[0.125, 0.875, 0.0, 0.0]"
"γύρευαν να γλυκάνουν, κι όμορφο παιάνα ετραγουδούσαν",0.125,0.875,0.0,0.0,"[0.125, 0.875, 0.0, 0.0]"
"τιμώντας τον οι Αργίτες, κι άκουγε κι αγάλλουνταν εκείνος.",0.125,0.875,0.0,0.0,"[0.125, 0.875, 0.0, 0.0]"
"και σύντας ο ήλιος πια βασίλεψε και τα σκοτάδια επήραν,",0.375,0.625,0.0,0.0,"[0.375, 0.625, 0.0, 0.0]"
μπρος στις πρυμάτσες του πλεούμενου να κοιμηθούν πλάγιασαν.,0.375,0.625,0.0,0.0,"[0.375, 0.625, 0.0, 0.0]"
"Κι η Αυγή σα φάνη η πουρνογέννητη και ροδοδαχτυλάτη,",0.25,0.75,0.0,0.0,"[0.25, 0.75, 0.0, 0.0]"
να γύρουν στα φαρδιά ξανοίχτηκαν των Αχαιών λημέρια.,0.25,0.5,0.125,0.125,"[0.25, 0.5, 0.125, 0.125]"
και πρίμο αγέρα ο μακροδόξαρος Απόλλωνας τους στέλνει',0.125,0.875,0.0,0.0,"[0.125, 0.875, 0.0, 0.0]"
"κι εκείνοι, το κατάρτι ορθώνοντας, τ᾿ άσπρα πανιά σήκωσαν,",0.125,0.875,0.0,0.0,"[0.125, 0.875, 0.0, 0.0]"
"κι ο αγέρας πίσω τους τα φούσκωνε, και στην καρένα γύρω",0.25,0.75,0.0,0.0,"[0.25, 0.75, 0.0, 0.0]"
"του καραβιού, γοργά που αρμένιζε, το μαύρο κύμα αχούσε'",0.5,0.5,0.0,0.0,"[0.5, 0.5, 0.0, 0.0]"
"κι αυτό πετούσε απά στα κύματα, τελεύοντας τη στράτα.",0.375,0.5,0.125,0.0,"[0.375, 0.5, 0.125, 0.0]"
"και σύντας φτάσαν πια στ᾿ απλόχωρα των Αχαιών λημέρια,",0.25,0.75,0.0,0.0,"[0.25, 0.75, 0.0, 0.0]"
"πα στη στεριά τράβηξαν κι έβγαλαν το μελανό καράβι,",0.375,0.625,0.0,0.0,"[0.375, 0.625, 0.0, 0.0]"
"ψηλά στον άμμο, και το στύλωσαν με μακρουλά αντιστύλια,",0.5,0.5,0.0,0.0,"[0.5, 0.5, 0.0, 0.0]"
κι ατοί τους στις καλύβες σκόρπισαν και στα καράβια γύρα.,0.125,0.875,0.0,0.0,"[0.125, 0.875, 0.0, 0.0]"
"Πρόσμενε ωστόσο ο γοργογόνατος, ο αρχοντογεννημένος",0.0,0.0,0.0,1.0,"[0.0, 0.0, 0.0, 1.0]"
"γιος του Πηλέα στα πελαγόδρομα καράβια του χολιώντας,",0.125,0.25,0.625,0.0,"[0.125, 0.25, 0.625, 0.0]"
κι ουδέ στη δοξαντρούσα επήγαινε τη σύναξη ποτέ του,0.125,0.25,0.625,0.0,"[0.125, 0.25, 0.625, 0.0]"
"κι ουδέ στον πόλεμο, μόν᾿ έτρωγε τα σωθικά του η πίκρα,",0.125,0.125,0.75,0.0,"[0.125, 0.125, 0.75, 0.0]"
"που εδώ καθόταν, κι ας λαχτάριζεν αντάρες και πολέμους.",0.125,0.25,0.625,0.0,"[0.125, 0.25, 0.625, 0.0]"
"Μα σα διάβηκαν μέρες δώδεκα, το δρόμο έπαιρναν πίσω",0.0,0.0,0.0,1.0,"[0.0, 0.0, 0.0, 1.0]"
"όλοι οι θεοί μαθές οι αθάνατοι, στον Όλυμπο να γύρουν,",0.25,0.5,0.25,0.0,"[0.25, 0.5, 0.25, 0.0]"
"κι ο Δίας μπροστά. Και τότε η Θέτιδα, το θέλημα του γιου της",0.25,0.375,0.25,0.125,"[0.25, 0.375, 0.25, 0.125]"
"θυμάμενη, γοργά απ᾿ της θάλασσας ξεπρόβαλε το κύμα",0.25,0.5,0.25,0.0,"[0.25, 0.5, 0.25, 0.0]"
"κι ανέβη σύναυγα στον Όλυμπο, στον ουρανό το μέγα᾿",0.5,0.375,0.125,0.0,"[0.5, 0.375, 0.125, 0.0]"
κι ήβρε στου Ολύμπου του πολύκορφου την πιο αψηλή τη ράχη,0.375,0.375,0.25,0.0,"[0.375, 0.375, 0.25, 0.0]"
το γιο του Κρόνου το βροντόλαλο να κάθεται μονάχος.,0.5,0.375,0.125,0.0,"[0.5, 0.375, 0.125, 0.0]"
Μπροστά του τότε πήγε κάθισε και του 'πιασε τα γόνα,0.375,0.375,0.25,0.0,"[0.375, 0.375, 0.25, 0.0]"
"με το ζερβί, με το άλλο ακράγγιξε τα γένια του από κάτω,",0.25,0.5,0.25,0.0,"[0.25, 0.5, 0.25, 0.0]"
"κι είπε στο Δία παρακαλώντας τον, το ρήγα υγιό του Κρόνου;",0.125,0.5,0.375,0.0,"[0.125, 0.5, 0.375, 0.0]"
"«Πατέρα Δία, ποτέ μου αν σ᾿ εύφρανα στους αθανάτους μέσα",0.125,0.625,0.25,0.0,"[0.125, 0.625, 0.25, 0.0]"
"με λόγο για με πράξη, επάκουσε την πεθυμιά μου ετούτη:",0.0,0.75,0.25,0.0,"[0.0, 0.75, 0.25, 0.0]"
"Το γιο μου τίμησε, που η μοίρα του να ζήσει γράφει απ᾿ όλους",0.0,0.625,0.375,0.0,"[0.0, 0.625, 0.375, 0.0]"
"πιο λίγο, κι όμως ο Αγαμέμνονας ο πρωταφέντης τώρα",0.25,0.25,0.5,0.0,"[0.25, 0.25, 0.5, 0.0]"
"τον καταφρόνεσε, τι του άρπαξε το αρχοντομοίρι ατός του.",0.0,0.25,0.75,0.0,"[0.0, 0.25, 0.75, 0.0]"
"Όμως, Ολύμπιε Δία βαθύγνωμε, τίμησε εσύ το γιο μου",0.0,0.75,0.25,0.0,"[0.0, 0.75, 0.25, 0.0]"
"στους Τρώες τη νίκη τώρα δίνοντας, ως πού να πουν κι οι Αργίτες",0.0,0.375,0.625,0.0,"[0.0, 0.375, 0.625, 0.0]"
"να τον τιμήσουν, και τιμώντας τον ξεπλερωμή να δώσουν.»",0.0,0.375,0.625,0.0,"[0.0, 0.375, 0.625, 0.0]"
"Αυτά είπε, όμως ο Δίας δε μίλησεν ο νεφελοστοιβάχτης,",0.0,0.0,0.0,1.0,"[0.0, 0.0, 0.0, 1.0]"
"μόνο βουβός πολληώρα εκάθουνταν κι η Θέτη, ως τα κρατούσε",0.25,0.25,0.5,0.0,"[0.25, 0.25, 0.5, 0.0]"
"αποξαρχής, τα γόνα του 'σφιγγε και μίλησε του πάλι:",0.125,0.375,0.5,0.0,"[0.125, 0.375, 0.5, 0.0]"
"« Ξάστερα δώσε μου το λόγο σου και στρέξε αυτά που σου 'πα,",0.0,0.375,0.625,0.0,"[0.0, 0.375, 0.625, 0.0]"
"για αρνήσου μου, τι εσύ δε σκιάζεσαι κανένα, για να ξέρω",0.0,0.375,0.625,0.0,"[0.0, 0.375, 0.625, 0.0]"
"καλά, ή θεά πως είμαι απ᾿ όλους σας ή πιο παραριγμένη.»",0.0,0.25,0.75,0.0,"[0.0, 0.25, 0.75, 0.0]"
Συχύστη τότε ο Δίας κι απάντησεν ο νεφελοστοιβάχτης:,0.0,0.0,0.0,1.0,"[0.0, 0.0, 0.0, 1.0]"
"«Ωχού μπελάδες! Σε φαγώματα με βάζεις με την Ήρα,",0.0,0.125,0.875,0.0,"[0.0, 0.125, 0.875, 0.0]"
που θα μ᾿ αρχίσει τα μαλώματα και θα μ᾿ αγκυλοχεύει.,0.0,0.125,0.875,0.0,"[0.0, 0.125, 0.875, 0.0]"
Έτσι κι αλλιώς μες στους αθάνατους θεούς θυμώνει εκείνη,0.0,0.125,0.875,0.0,"[0.0, 0.125, 0.875, 0.0]"
"μαζί μου, τάχα πως στον πόλεμο τους Τρώες συντρέχω πάντα.",0.0,0.125,0.875,0.0,"[0.0, 0.125, 0.875, 0.0]"
"Μα τώρα εσύ τραβήξου γρήγορα, δε θέλω να σε νιώσει",0.125,0.125,0.75,0.0,"[0.125, 0.125, 0.75, 0.0]"
"η Ήρα, κι εγώ όλα που μελέτησες θα τα γνοιαστώ να γενούν.",0.125,0.625,0.25,0.0,"[0.125, 0.625, 0.25, 0.0]"
"Ομπρός λοιπόν, με το κεφάλι μου θα γνέψω, να πιστέψεις'",0.125,0.625,0.25,0.0,"[0.125, 0.625, 0.25, 0.0]"
τι αυτό είναι μέσα στους αθάνατους το πιο τρανό από μένα,0.125,0.625,0.25,0.0,"[0.125, 0.625, 0.25, 0.0]"
σημάδι᾿ τι είναι αμεταγύριστος κι αψεύτιστος και βγαίνει,0.125,0.5,0.375,0.0,"[0.125, 0.5, 0.375, 0.0]"
"το δίχως άλλο πάντα ο λόγος μου, με το κεφάλι ως γνέψω.»",0.25,0.5,0.25,0.0,"[0.25, 0.5, 0.25, 0.0]"
"Είπε, και με τα φρύδια του έγνεψε τα μαύρα ο γιος του Κρόνου,",0.0,0.0,0.0,1.0,"[0.0, 0.0, 0.0, 1.0]"
κι οι θείες με ορμήν αναταράχτηκαν οι χήτες στο κεφάλι,0.125,0.5,0.375,0.0,"[0.125, 0.5, 0.375, 0.0]"
"το αθάνατο, και ριζοτράνταξε τον Όλυμπο το μέγα.",0.125,0.5,0.375,0.0,"[0.125, 0.5, 0.375, 0.0]"
"Σαν έτσι οι δυο τους τα συνταίριαξαν, χωρίζουν στου πελάγου",0.0,0.0,0.0,1.0,"[0.0, 0.0, 0.0, 1.0]"
"πηδά τα βάθη από τον Όλυμπο το φωτοβόλο εκείνη,",0.375,0.5,0.125,0.0,"[0.375, 0.5, 0.125, 0.0]"
"κι ο Δίας τραβούσε στο παλάτι του, κι όλοι μαζί ασκωθήκαν",0.125,0.75,0.125,0.0,"[0.125, 0.75, 0.125, 0.0]"
απ᾿ τα θρονιά οι θεοί᾿ δεν τόλμησε στον κύρη ομπρός κανένας,0.125,0.75,0.125,0.0,"[0.125, 0.75, 0.125, 0.0]"
"να μείνει καθιστός, ως ζύγωνε, μόν᾿ στάθηκαν μπροστά του.",0.125,0.625,0.25,0.0,"[0.125, 0.625, 0.25, 0.0]"
Κι αυτός στο θρόνο τότε εκάθισε. Δεν είχε όμως ξεφύγει,0.375,0.25,0.375,0.0,"[0.375, 0.25, 0.375, 0.0]"
"της Ήρας τη ματιά, και το 'ξερε πως μίλησε μαζί του",0.375,0.25,0.375,0.0,"[0.375, 0.25, 0.375, 0.0]"
"η Θέτη, η κόρη η χιοναστράγαλη του θαλασσογερόντου·",0.125,0.375,0.5,0.0,"[0.125, 0.375, 0.5, 0.0]"
"κι ευτύς στο γιο του Κρόνου εγύρισε, μιλά και τον κεντρίζει:",0.25,0.25,0.5,0.0,"[0.25, 0.25, 0.5, 0.0]"
"«Ποιος πάλε απ᾿ τους θεούς, δολόγνωμε, τα ταίριαξε μαζί σου;",0.0,0.375,0.625,0.0,"[0.0, 0.375, 0.625, 0.0]"
Πάντα σου αρέσει αλήθεια αλάργα μου καθούμενος να κλώθεις,0.0,0.25,0.75,0.0,"[0.0, 0.25, 0.75, 0.0]"
"διαλογισμούς κρυφούς κι απόφασες να παίρνεις, και ποτέ σου",0.0,0.25,0.75,0.0,"[0.0, 0.25, 0.75, 0.0]"
το που 'βαλες στο νου δε θέλησες να μου το πεις και μένα.»,0.125,0.25,0.625,0.0,"[0.125, 0.25, 0.625, 0.0]"
Κι απηλογήθη των αθάνατων και των θνητών ο κύρης:,0.0,0.0,0.0,1.0,"[0.0, 0.0, 0.0, 1.0]"
"«Ήρα, το κάθε που στοχάζομαι καθόλου μην τ᾿ ολπίζεις",0.0,0.5,0.5,0.0,"[0.0, 0.5, 0.5, 0.0]"
"να σου το φανερώνω᾿ δύσκολο, γυναίκα μου κι ας είσαι.",0.0,0.625,0.375,0.0,"[0.0, 0.625, 0.375, 0.0]"
"Αλήθεια, ό,τι είναι που δε θα 'βλαφτε να μαθευτεί, κανένας",0.125,0.625,0.25,0.0,"[0.125, 0.625, 0.25, 0.0]"
"πριν από σένα, μήτε αθάνατος μήτε θνητός, θα μάθει.",0.125,0.75,0.125,0.0,"[0.125, 0.75, 0.125, 0.0]"
"Μα αυτό που χώρια απ᾿ τους αθάνατους στο νου μου εγώ θα βάλω,",0.25,0.5,0.25,0.0,"[0.25, 0.5, 0.25, 0.0]"
μη θες να το ρωτάς ανώφελα και μην ψιλοσκαλίζεις.»,0.0,0.5,0.5,0.0,"[0.0, 0.5, 0.5, 0.0]"
και τότε η σεβαστή του απάντησε βοϊδομάτη Ήρα κι είπε:,0.625,0.25,0.125,0.0,"[0.625, 0.25, 0.125, 0.0]"
"« Ύγιέ του Κρόνου τρομερότατε, τι λόγια αυτά που κρένεις;",0.0,0.5,0.5,0.0,"[0.0, 0.5, 0.5, 0.0]"
"Ποτέ να σε ρωτώ δε θέλησα και να ψιλοσκαλίζω,",0.0,0.5,0.5,0.0,"[0.0, 0.5, 0.5, 0.0]"
"μόν᾿ ό,τι θες μπορείς ανέγνοιαστα να στοχαστείς μονάχος.",0.0,0.625,0.375,0.0,"[0.0, 0.625, 0.375, 0.0]"
"Μα τώρα τρέμω μες στα σπλάχνα μου, μη σ᾿ έχει καταφέρει",0.0,0.25,0.75,0.0,"[0.0, 0.25, 0.75, 0.0]"
"η Θέτη, η κόρη η χιοναστράγαλη του θαλασσογερόντου·",0.25,0.375,0.375,0.0,"[0.25, 0.375, 0.375, 0.0]"
"τι σύναυγα κοντά σου εκάθισε και σου 'πιάσε τα γόνα,",0.0,0.375,0.625,0.0,"[0.0, 0.375, 0.625, 0.0]"
κι αλήθεια εσύ θαρρώ της έταξες στον Αχιλλέα να δώσεις,0.0,0.375,0.625,0.0,"[0.0, 0.375, 0.625, 0.0]"
"τιμή, κι Αργίτες γύρω στ᾿ άρμενα περίσσιους ν᾿ αφανίσεις.»",0.0,0.25,0.75,0.0,"[0.0, 0.25, 0.75, 0.0]"
και τότε ο Δίας της άποκρίθηκεν ο νεφελοστοιβάχτης:,0.625,0.125,0.25,0.0,"[0.625, 0.125, 0.25, 0.0]"
«Δαιμονισμένη! Πάντα το κακό στο νου σου! Δε γλιτώνω!,0.0,0.25,0.75,0.0,"[0.0, 0.25, 0.75, 0.0]"
"όμως χαμένοι πάνε οι κόποι σου, και μόνο απ᾿ την καρδιά μου",0.0,0.25,0.75,0.0,"[0.0, 0.25, 0.75, 0.0]"
"μακραίνεις. Τόσο το χειρότερο για σένα, λέω. Κι αν έτσι",0.0,0.25,0.75,0.0,"[0.0, 0.25, 0.75, 0.0]"
"μαθές ως τα 'πες τούτα εγίνηκαν, έτσι μου αρέσει εμένα!",0.0,0.375,0.625,0.0,"[0.0, 0.375, 0.625, 0.0]"
"Μόν᾿ κάθου κι άκουε κάθε λόγο μου, και μη μου βγάζεις άχνα,",0.0,0.25,0.75,0.0,"[0.0, 0.25, 0.75, 0.0]"
"μην έρθω αυτού και ρίξω απάνω σου τ᾿ ανίκητα μου χέρια,",0.125,0.25,0.625,0.0,"[0.125, 0.25, 0.625, 0.0]"
και τότε πια δε θα σε γλίτωναν όλοι οι θεοί του Ολύμπου.»,0.0,0.25,0.75,0.0,"[0.0, 0.25, 0.75, 0.0]"
"Ετσι είπε, κι η σεβάσμια δείλιασε βοϊδομάτη Ήρα ομπρός του,",0.0,0.0,0.0,1.0,"[0.0, 0.0, 0.0, 1.0]"
και κόμπο την καρδιά της δένοντας δίχως μιλιά εκαθόταν,0.0,0.25,0.75,0.0,"[0.0, 0.25, 0.75, 0.0]"
μα κι οί άλλοι αθάνατοι επικράθηκαν στου Δία το αρχονταρίκι.,0.125,0.375,0.5,0.0,"[0.125, 0.375, 0.5, 0.0]"
"Τότε ο λαμπρός τεχνίτης Ήφαιστος πήρε να λέει μπροστά τους,",0.375,0.375,0.25,0.0,"[0.375, 0.375, 0.25, 0.0]"
"για να γλυκάνει τη μητέρα του, την κρουσταλλόχερη Ήρα:",0.125,0.75,0.125,0.0,"[0.125, 0.75, 0.125, 0.0]"
"«Ώχού μπελάδες που μας πλάκωσαν αβάσταχτοι, αν οι δυο σας",0.0,0.25,0.625,0.125,"[0.0, 0.25, 0.625, 0.125]"
"για τους θνητούς εδώ συχύζεστε, κι αμάχες και φοβέρες",0.0,0.25,0.75,0.0,"[0.0, 0.25, 0.75, 0.0]"
"μες στους αθάνατους ασκώνετε, και μήτε θα χαρούμε",0.0,0.25,0.75,0.0,"[0.0, 0.25, 0.75, 0.0]"
"γλυκό ψωμί, τι αλήθεια δαίμονας κακός μας δυναστεύει.",0.0,0.25,0.75,0.0,"[0.0, 0.25, 0.75, 0.0]"
"Μια γνώμη θα 'δινα στη μάνα μου, κι ας το νογάει κι ατή της:",0.125,0.625,0.25,0.0,"[0.125, 0.625, 0.25, 0.0]"
"το Δία τον κύρη να καλόπιανε, να μην αρχίσει πάλε",0.0,0.75,0.25,0.0,"[0.0, 0.75, 0.25, 0.0]"
"μαλώματα και το τραπέζι μας κάμει άνω κάτω, ως τρώμε᾿",0.0,0.625,0.375,0.0,"[0.0, 0.625, 0.375, 0.0]"
τι αν θέλει του Ολύμπου ο αστραπόχαρος αφέντης απ᾿ τους θρήνους,0.0,0.625,0.375,0.0,"[0.0, 0.625, 0.375, 0.0]"
να μας πετάξει... τι στη δύναμη πολύ τρανότερος μας.,0.0,0.5,0.5,0.0,"[0.0, 0.5, 0.5, 0.0]"
"Μόν᾿ έλα τώρα εσύ, καλόπιασ᾿ τον και γλυκομίλησέ του,",0.0,0.875,0.125,0.0,"[0.0, 0.875, 0.125, 0.0]"
και τότε ευτύς ο αφέντης του Ολύμπου θα 'ναι καλός μαζί μας.»,0.125,0.875,0.0,0.0,"[0.125, 0.875, 0.0, 0.0]"
"Έτσι είπε, και πηδώντας έβαλε στης ακριβής του μάνας",0.0,0.0,0.0,1.0,"[0.0, 0.0, 0.0, 1.0]"
"τα χέρια κούπα διπλογούβωτη, κι αυτά της λέει τα λόγια:",0.375,0.5,0.125,0.0,"[0.375, 0.5, 0.125, 0.0]"
"« Υπομονέψου τώρα, μάνα μου, βαστά, κι ας έχεις πίκρα,",0.0,0.875,0.125,0.0,"[0.0, 0.875, 0.125, 0.0]"
μη λάχει και σε ιδώ να δέρνεσαι και δεν μπορέσω χέρι,0.0,0.875,0.125,0.0,"[0.0, 0.875, 0.125, 0.0]"
"να δώσω, μ᾿ όλη την αγάπη μου, κι ας σε πονά η καρδιά μου·",0.0,0.75,0.25,0.0,"[0.0, 0.75, 0.25, 0.0]"
τι αλί σε κείνον που με του Ολύμπου το ρήγα θα τα βάλει!,0.0,0.625,0.375,0.0,"[0.0, 0.625, 0.375, 0.0]"
"Κι άλλη φορά, που να 'ρθω θέλησα βοηθός σου, από το πόδι",0.125,0.5,0.375,0.0,"[0.125, 0.5, 0.375, 0.0]"
μ᾿ έπιασε αυτός κι από το αθάνατο με πέταξε κατώφλι',0.125,0.25,0.625,0.0,"[0.125, 0.25, 0.625, 0.0]"
"όλη τη μέρα, ως το βασίλεμα του γήλιου, εγκρεμιζόμουν,",0.125,0.25,0.625,0.0,"[0.125, 0.25, 0.625, 0.0]"
"ως πού στη Λήμνο πια σωριάστηκα με την ψυχή στο στόμα,",0.125,0.375,0.5,0.0,"[0.125, 0.375, 0.5, 0.0]"
"κι ευτύς, ως έπεσα, με πήρανε να με γνοιαστούν οι Σίντες.»",0.0,0.75,0.25,0.0,"[0.0, 0.75, 0.25, 0.0]"
"Έτσι είπε, κι η θεά αχνογέλασεν, η κρουσταλλόχερη Ήρα,",0.0,0.0,0.0,1.0,"[0.0, 0.0, 0.0, 1.0]"
κι αχνογελώντας μες στα χέρια της πήρε απ᾿ το γιο την κούπα.,0.0,0.875,0.125,0.0,"[0.0, 0.875, 0.125, 0.0]"
Κι αυτός απ᾿ το κροντήρι ανάσερνε και μοίραζε στους άλλους,0.25,0.625,0.125,0.0,"[0.25, 0.625, 0.125, 0.0]"
—δεξιά μεριά—θεούς αθάνατο γλυκό κρασί να πιούνε.,0.0,0.875,0.125,0.0,"[0.0, 0.875, 0.125, 0.0]"
"Κι άσβηστο γέλιο τότε άσκώθηκε μες στους μακαρισμένους,",0.0,0.75,0.25,0.0,"[0.0, 0.75, 0.25, 0.0]"
λαχανιαστό να ιδούν τον Ήφαιστο τα πόδια του να σέρνει.,0.25,0.25,0.5,0.0,"[0.25, 0.25, 0.5, 0.0]"
"Τότε έτσι εκείνοι, ως που εβασίλεψεν ο γήλιος, όλη μέρα",0.0,0.0,0.0,1.0,"[0.0, 0.0, 0.0, 1.0]"
"έτρωγαν, κι είχεν, ως έταίριαζε, καθείς το μερτικό του'",0.375,0.625,0.0,0.0,"[0.375, 0.625, 0.0, 0.0]"
"μήτε η γλυκιά κιθάρα απόλειπε στου Απόλλωνα τα χέρια,",0.125,0.625,0.125,0.125,"[0.125, 0.625, 0.125, 0.125]"
"μήτε κι οί Μούσες, που γλυκόφωνα με τη σειρά έτραγούδουν.",0.375,0.5,0.125,0.0,"[0.375, 0.5, 0.125, 0.0]"
"Και σύντας του ήλιου πια βασίλεψε το φως το αχτιδοβόλο,",0.0,0.0,0.0,1.0,"[0.0, 0.0, 0.0, 1.0]"
"καθένας στο δικό του ετράβηξε το αρχοντικό να γείρει,",0.25,0.625,0.125,0.0,"[0.25, 0.625, 0.125, 0.0]"
"κει που 'χε χτίσει στον καθένα τους παλάτι ο κουτσοπόδης,",0.375,0.625,0.0,0.0,"[0.375, 0.625, 0.0, 0.0]"
"ο ξακουστός τεχνίτης Ήφαιστος, με τη σοφή του τέχνη.",0.25,0.75,0.0,0.0,"[0.25, 0.75, 0.0, 0.0]"
"Κι ο Δίας ο Ολύμπιος, ό αστραπόχαρος, στην κλίνη του τραβούσε,",0.25,0.75,0.0,0.0,"[0.25, 0.75, 0.0, 0.0]"
"εκεί που ως τώρα πάντα, ως του 'ρχονταν ύπνος γλυκός, κοιμόταν",0.125,0.875,0.0,0.0,"[0.125, 0.875, 0.0, 0.0]"
"κει πάνω ανέβη, κι η χρυσόθρονη σιμά του επλάγιαζε Ήρα.",0.125,0.875,0.0,0.0,"[0.125, 0.875, 0.0, 0.0]"
